Timestamp,Transaction Number,Product UPC Number,Price,Retailer
3/2/18 08:15:50,123098,111100001234,$1.80,Fast Mart
3/2/18 08:15:50,123098,111100001235,$23.45,Fast Mart
3/2/18 08:15:50,123098,111100001236,$6.99,Fast Mart
3/2/18 08:19:52,123099,111100001236,$6.99,Quick Stop
3/2/18 08:19:52,123099,111100001237,$7.15,Quick Stop
3/2/18 08:19:52,123099,111100001237,$7.15,Quick Stop
3/2/18 08:19:52,123099,111100001238,$1.53,Quick Stop
3/2/18 08:27:04,123100,111100001234,$1.80,Fast Mart
3/2/18 08:27:04,123100,111100001239,$1.45,Fast Mart
3/2/18 08:27:04,123100,111100001240,$0.99,Fast Mart
3/2/18 08:27:04,123100,111100001241,$1.25,Quick Stop
3/2/18 08:27:04,123100,111100001240,$0.99,Fast Mart
3/2/18 08:33:33,123101,111100001235,$23.45,Fast Mart
3/2/18 08:33:33,123101,111100001242,$19.99,Fast Mart
3/2/18 08:33:33,123101,111100001235,$23.45,Fast Mart
3/2/18 08:33:33,123101,111100001242,$19.99,Fast Mart
3/2/18 08:33:33,123101,111100001238,$1.49,Fast Mart
3/2/18 08:45:13,123102,111100001236,$6.99,Fast Mart
3/2/18 08:45:13,123102,111100001244,$1.75,Fast Mart
3/2/18 08:45:13,123102,111100001237,$7.15,Quick Stop
3/2/18 08:45:47,123103,111100001245,$1.30,Quick Stop
3/2/18 08:45:47,123103,111100001245,$1.36,Fast Mart
3/2/18 08:45:47,123103,111100001236,$6.99,Fast Mart
3/2/18 08:45:47,123103,111100001237,$7.15,Quick Stop
3/2/18 08:45:47,123103,111100001237,$7.10,Fast Mart
3/2/18 08:45:47,123103,111100001240,$0.89,Quick Stop
3/2/18 08:45:47,123103,111100001242,$19.99,Fast Mart
3/2/18 08:45:47,123103,111100001238,$1.53,Quick Stop
3/2/18 08:45:47,123103,111100001239,$1.45,Fast Mart
3/2/18 08:45:47,123103,111100001239,$1.56,Quick Stop
3/2/18 08:45:47,123103,111100001244,$1.75,Fast Mart
3/2/18 08:52:16,123104,111100001242,$25.65,Fast Mart
3/2/18 08:52:16,123104,111100001241,$1.25,Quick Stop
3/2/18 08:52:16,123104,111100001238,$1.53,Quick Stop
3/2/18 08:52:16,123104,111100001244,$1.75,Fast Mart
3/2/18 08:52:16,123104,111100001239,$1.56,Quick Stop
3/2/18 08:52:16,123104,111100001242,$24.99,Quick Stop
3/2/18 08:52:16,123104,111100001236,$6.99,Fast Mart
3/2/18 08:52:16,123104,111100001242,$25.65,Fast Mart
3/2/18 08:52:16,123104,111100001245,$1.36,Fast Mart
3/2/18 09:00:37,123105,111100001242,$25.65,Fast Mart
3/2/18 09:00:37,123105,111100001239,$1.56,Quick Stop
3/2/18 09:00:37,123105,111100001242,$19.99,Fast Mart
3/2/18 09:10:25,123106,111100001234,$1.80,Fast Mart
3/2/18 09:10:25,123106,111100001236,$6.99,Fast Mart
3/2/18 09:10:25,123106,111100001245,$1.36,Fast Mart
3/2/18 09:22:22,123107,111100001236,$6.99,Fast Mart
3/2/18 09:22:22,123107,111100001244,$1.75,Fast Mart
3/2/18 09:22:22,123107,111100001245,$1.36,Fast Mart
3/2/18 09:26:41,123108,111100001239,$1.45,Fast Mart
3/2/18 09:26:41,123108,111100001238,$1.49,Fast Mart
3/2/18 09:35:45,123109,111100001236,$6.99,Fast Mart
3/2/18 09:45:41,123110,111100001239,$1.56,Quick Stop
3/2/18 09:45:41,123110,111100001235,$23.45,Fast Mart
3/2/18 09:45:41,123110,111100001240,$0.99,Fast Mart
3/2/18 09:54:20,123111,111100001238,$1.49,Fast Mart
3/2/18 09:54:20,123111,111100001236,$6.99,Fast Mart
3/2/18 09:54:20,123111,111100001235,$23.45,Fast Mart
3/2/18 09:54:20,123111,111100001242,$24.99,Quick Stop
3/2/18 09:54:20,123111,111100001235,$23.45,Fast Mart
3/2/18 09:54:20,123111,111100001245,$1.36,Fast Mart
3/2/18 09:54:20,123111,111100001242,$24.99,Quick Stop
3/2/18 10:05:34,123112,111100001239,$1.56,Quick Stop
3/2/18 10:12:54,123113,111100001242,$24.99,Quick Stop
3/2/18 10:24:43,123114,111100001235,$23.45,Fast Mart
3/2/18 10:24:43,123114,111100001242,$19.99,Fast Mart
3/2/18 10:24:43,123114,111100001242,$24.99,Quick Stop
3/2/18 10:24:43,123114,111100001238,$1.49,Fast Mart
3/2/18 10:24:43,123114,111100001242,$24.99,Quick Stop
3/2/18 10:38:06,123115,111100001237,$7.15,Quick Stop
3/2/18 10:43:26,123116,111100001242,$19.99,Fast Mart
3/2/18 10:43:26,123116,111100001234,$1.80,Fast Mart
3/2/18 10:43:26,123116,111100001236,$6.99,Fast Mart
3/2/18 10:56:15,123117,111100001240,$0.99,Fast Mart
3/2/18 10:56:15,123117,111100001237,$7.10,Fast Mart
3/2/18 10:57:33,123118,111100001240,$0.99,Fast Mart
3/2/18 11:06:46,123119,111100001242,$24.99,Quick Stop
3/2/18 11:06:46,123119,111100001245,$1.30,Quick Stop
3/2/18 11:06:46,123119,111100001242,$24.99,Quick Stop
3/2/18 11:08:21,123120,111100001234,$1.80,Fast Mart
3/2/18 11:15:07,123121,111100001238,$1.49,Fast Mart
3/2/18 11:15:07,123121,111100001235,$23.45,Fast Mart
3/2/18 11:24:54,123122,111100001245,$1.30,Quick Stop
3/2/18 11:35:34,123123,111100001245,$1.36,Fast Mart
3/2/18 11:35:34,123123,111100001242,$25.65,Fast Mart
3/2/18 11:35:34,123123,111100001237,$7.10,Fast Mart
3/2/18 11:35:34,123123,111100001245,$1.36,Fast Mart
3/2/18 11:35:34,123123,111100001237,$7.15,Quick Stop
3/2/18 11:35:34,123123,111100001237,$7.15,Quick Stop
3/2/18 11:35:34,123123,111100001242,$24.99,Quick Stop
3/2/18 11:46:48,123124,111100001246,$2.30,Quick Stop
3/2/18 11:59:45,123125,111100001236,$6.99,Fast Mart
3/2/18 12:10:42,123126,111100001246,$2.30,Quick Stop
3/2/18 12:10:42,123126,111100001242,$19.99,Fast Mart
3/2/18 12:11:16,123127,111100001242,$24.99,Quick Stop
3/2/18 12:11:16,123127,111100001242,$19.99,Fast Mart
3/2/18 12:11:16,123127,111100001238,$1.53,Quick Stop
3/2/18 12:11:16,123127,111100001244,$1.75,Fast Mart
3/2/18 12:13:26,123128,111100001242,$24.99,Quick Stop
3/2/18 12:13:26,123128,111100001240,$0.89,Quick Stop
3/2/18 12:20:29,123129,111100001239,$1.45,Fast Mart
3/2/18 12:20:29,123129,111100001238,$1.49,Fast Mart
3/2/18 12:21:21,123130,111100001239,$1.45,Fast Mart
3/2/18 12:27:33,123131,111100001239,$1.56,Quick Stop
3/2/18 12:27:33,123131,111100001239,$1.56,Quick Stop
3/2/18 12:31:00,123132,111100001240,$0.99,Fast Mart
3/2/18 12:31:00,123132,111100001239,$1.45,Fast Mart
3/2/18 12:40:22,123133,111100001241,$1.25,Quick Stop
3/2/18 12:49:17,123134,111100001236,$6.99,Fast Mart
3/2/18 12:49:17,123134,111100001236,$6.99,Fast Mart
3/2/18 12:49:17,123134,111100001236,$6.99,Fast Mart
3/2/18 12:49:17,123134,111100001240,$0.99,Fast Mart
3/2/18 12:49:17,123134,111100001234,$1.80,Fast Mart
3/2/18 12:49:17,123134,111100001235,$23.45,Fast Mart
3/2/18 12:49:17,123134,111100001237,$7.15,Quick Stop
3/2/18 12:59:14,123135,111100001242,$25.65,Fast Mart
3/2/18 12:59:14,123135,111100001238,$1.49,Fast Mart
3/2/18 13:10:27,123136,111100001237,$7.15,Quick Stop
3/2/18 13:10:27,123136,111100001236,$6.99,Fast Mart
3/2/18 13:19:23,123137,111100001238,$1.49,Fast Mart
3/2/18 13:19:23,123137,111100001246,$2.30,Quick Stop
3/2/18 13:19:23,123137,111100001238,$1.49,Fast Mart
3/2/18 13:19:23,123137,111100001240,$0.89,Quick Stop
3/2/18 13:19:23,123137,111100001239,$1.45,Fast Mart
3/2/18 13:19:23,123137,111100001239,$1.45,Fast Mart
3/2/18 13:19:23,123137,111100001238,$1.49,Fast Mart
3/2/18 13:19:23,123137,111100001238,$1.49,Fast Mart
3/2/18 13:19:23,123137,111100001245,$1.36,Fast Mart
3/2/18 13:19:23,123137,111100001242,$24.99,Quick Stop
3/2/18 13:25:00,123138,111100001241,$1.25,Quick Stop
3/2/18 13:25:00,123138,111100001239,$1.45,Fast Mart
3/2/18 13:25:00,123138,111100001237,$7.10,Fast Mart
3/2/18 13:27:18,123139,111100001239,$1.56,Quick Stop
3/2/18 13:31:55,123140,111100001242,$24.99,Quick Stop
3/2/18 13:45:18,123141,111100001240,$0.89,Quick Stop
3/2/18 13:45:18,123141,111100001242,$19.99,Fast Mart
3/2/18 13:45:18,123141,111100001237,$7.10,Fast Mart
3/2/18 13:45:18,123141,111100001242,$19.99,Fast Mart
3/2/18 13:45:18,123141,111100001242,$25.65,Fast Mart
3/2/18 13:45:18,123141,111100001237,$7.10,Fast Mart
3/2/18 13:45:18,123141,111100001239,$1.45,Fast Mart
3/2/18 13:47:02,123142,111100001240,$0.89,Quick Stop
3/2/18 13:55:32,123143,111100001236,$6.99,Fast Mart
3/2/18 13:55:32,123143,111100001237,$7.10,Fast Mart
3/2/18 13:57:24,123144,111100001238,$1.49,Fast Mart
3/2/18 13:57:24,123144,111100001234,$1.80,Fast Mart
3/2/18 14:00:08,123145,111100001236,$6.99,Fast Mart
3/2/18 14:00:08,123145,111100001237,$7.10,Fast Mart
3/2/18 14:00:08,123145,111100001237,$7.15,Quick Stop
3/2/18 14:00:08,123145,111100001242,$19.99,Fast Mart
3/2/18 14:00:08,123145,111100001234,$1.80,Fast Mart
3/2/18 14:00:08,123145,111100001246,$2.30,Quick Stop
3/2/18 14:00:08,123145,111100001239,$1.45,Fast Mart
3/2/18 14:00:08,123145,111100001242,$25.65,Fast Mart
3/2/18 14:00:08,123145,111100001239,$1.56,Quick Stop
3/2/18 14:02:18,123146,111100001246,$2.30,Quick Stop
3/2/18 14:14:24,123147,111100001234,$1.80,Fast Mart
3/2/18 14:14:24,123147,111100001245,$1.30,Quick Stop
3/2/18 14:14:24,123147,111100001242,$19.99,Fast Mart
3/2/18 14:15:59,123148,111100001242,$25.65,Fast Mart
3/2/18 14:15:59,123148,111100001235,$23.45,Fast Mart
3/2/18 14:15:59,123148,111100001246,$2.30,Quick Stop
3/2/18 14:15:59,123148,111100001236,$6.99,Fast Mart
3/2/18 14:15:59,123148,111100001238,$1.49,Fast Mart
3/2/18 14:15:59,123148,111100001238,$1.53,Quick Stop
3/2/18 14:27:56,123149,111100001238,$1.49,Fast Mart
3/2/18 14:37:52,123150,111100001242,$19.99,Fast Mart
3/2/18 14:37:52,123150,111100001238,$1.53,Quick Stop
3/2/18 14:41:02,123151,111100001239,$1.56,Quick Stop
3/2/18 14:53:08,123152,111100001238,$1.49,Fast Mart
3/2/18 14:59:02,123153,111100001237,$7.10,Fast Mart
3/2/18 14:59:02,123153,111100001235,$23.45,Fast Mart
3/2/18 14:59:02,123153,111100001237,$7.10,Fast Mart
3/2/18 15:13:09,123154,111100001245,$1.36,Fast Mart
3/2/18 15:13:09,123154,111100001246,$2.30,Quick Stop
3/2/18 15:13:09,123154,111100001239,$1.45,Fast Mart
3/2/18 15:13:09,123154,111100001242,$25.65,Fast Mart
3/2/18 15:13:09,123154,111100001242,$19.99,Fast Mart
3/2/18 15:13:09,123154,111100001235,$23.45,Fast Mart
3/2/18 15:14:26,123155,111100001245,$1.30,Quick Stop
3/2/18 15:20:47,123156,111100001245,$1.36,Fast Mart
3/2/18 15:20:47,123156,111100001241,$1.25,Quick Stop
3/2/18 15:21:04,123157,111100001246,$2.30,Quick Stop
3/2/18 15:21:04,123157,111100001244,$1.75,Fast Mart
3/2/18 15:21:04,123157,111100001242,$25.65,Fast Mart
3/2/18 15:21:13,123158,111100001241,$1.25,Quick Stop
3/2/18 15:21:13,123158,111100001236,$6.99,Fast Mart
3/2/18 15:29:08,123159,111100001245,$1.36,Fast Mart
3/2/18 15:29:08,123159,111100001238,$1.49,Fast Mart
3/2/18 15:29:08,123159,111100001242,$25.65,Fast Mart
3/2/18 15:30:00,123160,111100001246,$2.30,Quick Stop
3/2/18 15:32:01,123161,111100001240,$0.89,Quick Stop
3/2/18 15:32:35,123162,111100001238,$1.53,Quick Stop
3/2/18 15:32:35,123162,111100001245,$1.36,Fast Mart
3/2/18 15:32:35,123162,111100001235,$23.45,Fast Mart
3/2/18 15:32:35,123162,111100001244,$1.75,Fast Mart
3/2/18 15:32:35,123162,111100001244,$1.75,Fast Mart
3/2/18 15:32:35,123162,111100001241,$1.25,Quick Stop
3/2/18 15:32:35,123162,111100001245,$1.36,Fast Mart
3/2/18 15:39:56,123163,111100001245,$1.36,Fast Mart
3/2/18 15:51:53,123164,111100001237,$7.15,Quick Stop
3/2/18 15:53:19,123165,111100001238,$1.49,Fast Mart
3/2/18 15:53:19,123165,111100001244,$1.75,Fast Mart
3/2/18 15:56:03,123166,111100001245,$1.36,Fast Mart
3/2/18 15:56:03,123166,111100001240,$0.99,Fast Mart
3/2/18 15:56:03,123166,111100001242,$19.99,Fast Mart
3/2/18 15:56:03,123166,111100001240,$0.89,Quick Stop
3/2/18 16:06:00,123167,111100001234,$1.80,Fast Mart
3/2/18 16:18:40,123168,111100001245,$1.36,Fast Mart
3/2/18 16:22:50,123169,111100001245,$1.30,Quick Stop
3/2/18 16:22:50,123169,111100001242,$25.65,Fast Mart
3/2/18 16:22:50,123169,111100001245,$1.30,Quick Stop
3/2/18 16:22:50,123169,111100001240,$0.89,Quick Stop
3/2/18 16:26:01,123170,111100001244,$1.75,Fast Mart
3/2/18 16:34:48,123171,111100001242,$19.99,Fast Mart
3/2/18 16:34:48,123171,111100001234,$1.80,Fast Mart
3/2/18 16:44:09,123172,111100001237,$7.10,Fast Mart
3/2/18 16:47:11,123173,111100001244,$1.75,Fast Mart
3/2/18 16:47:11,123173,111100001240,$0.99,Fast Mart
3/2/18 17:00:00,123174,111100001234,$1.80,Fast Mart
3/2/18 17:00:00,123174,111100001236,$6.99,Fast Mart
3/2/18 17:00:00,123174,111100001236,$6.99,Fast Mart
3/2/18 17:00:00,123174,111100001244,$1.75,Fast Mart
3/2/18 17:00:00,123174,111100001237,$7.15,Quick Stop
3/2/18 17:00:00,123174,111100001242,$24.99,Quick Stop
3/2/18 17:00:00,123174,111100001237,$7.10,Fast Mart
3/2/18 17:13:06,123175,111100001240,$0.89,Quick Stop
3/2/18 17:13:06,123175,111100001234,$1.80,Fast Mart
3/2/18 17:13:06,123175,111100001236,$6.99,Fast Mart
3/2/18 17:20:26,123176,111100001239,$1.56,Quick Stop
3/2/18 17:20:26,123176,111100001239,$1.56,Quick Stop
3/2/18 17:30:57,123177,111100001240,$0.89,Quick Stop
3/2/18 17:32:32,123178,111100001240,$0.99,Fast Mart
3/2/18 17:32:32,123178,111100001236,$6.99,Fast Mart
3/2/18 17:34:59,123179,111100001244,$1.75,Fast Mart
3/2/18 17:38:35,123180,111100001246,$2.30,Quick Stop
3/2/18 17:38:35,123180,111100001237,$7.15,Quick Stop
3/2/18 17:52:59,123181,111100001245,$1.36,Fast Mart
3/2/18 17:52:59,123181,111100001239,$1.56,Quick Stop
3/2/18 18:06:14,123182,111100001245,$1.30,Quick Stop
3/2/18 18:06:14,123182,111100001241,$1.25,Quick Stop
3/2/18 18:06:14,123182,111100001245,$1.36,Fast Mart
3/2/18 18:07:32,123183,111100001244,$1.75,Fast Mart
3/2/18 18:19:20,123184,111100001245,$1.30,Quick Stop
3/2/18 18:32:18,123185,111100001235,$23.45,Fast Mart
3/2/18 18:32:18,123185,111100001240,$0.99,Fast Mart
3/2/18 18:32:18,123185,111100001245,$1.30,Quick Stop
3/2/18 18:43:58,123186,111100001238,$1.53,Quick Stop
3/2/18 18:43:58,123186,111100001240,$0.89,Quick Stop
3/2/18 18:52:36,123187,111100001242,$19.99,Fast Mart
3/2/18 18:52:36,123187,111100001245,$1.30,Quick Stop
3/2/18 18:52:36,123187,111100001245,$1.30,Quick Stop
3/2/18 18:52:36,123187,111100001245,$1.36,Fast Mart
3/2/18 18:52:36,123187,111100001236,$6.99,Fast Mart
3/2/18 18:54:11,123188,111100001244,$1.75,Fast Mart
3/2/18 19:04:50,123189,111100001240,$0.89,Quick Stop
3/2/18 19:04:50,123189,111100001242,$19.99,Fast Mart
3/2/18 19:04:50,123189,111100001239,$1.56,Quick Stop
3/2/18 19:09:18,123190,111100001242,$19.99,Fast Mart
3/2/18 19:09:18,123190,111100001242,$19.99,Fast Mart
3/2/18 19:16:04,123191,111100001238,$1.49,Fast Mart
3/2/18 19:16:04,123191,111100001239,$1.45,Fast Mart
3/2/18 19:16:04,123191,111100001239,$1.56,Quick Stop
3/2/18 19:16:04,123191,111100001238,$1.53,Quick Stop
3/2/18 19:16:04,123191,111100001236,$6.99,Fast Mart
3/2/18 19:26:52,123192,111100001240,$0.99,Fast Mart
3/2/18 19:28:36,123193,111100001239,$1.56,Quick Stop
3/2/18 19:28:36,123193,111100001236,$6.99,Fast Mart
3/2/18 19:28:36,123193,111100001245,$1.30,Quick Stop
3/2/18 19:28:45,123194,111100001245,$1.30,Quick Stop
3/2/18 19:28:45,123194,111100001236,$6.99,Fast Mart
3/2/18 19:37:58,123195,111100001237,$7.10,Fast Mart
3/2/18 19:37:58,123195,111100001245,$1.30,Quick Stop
3/2/18 19:46:45,123196,111100001245,$1.36,Fast Mart
3/2/18 19:46:45,123196,111100001239,$1.45,Fast Mart
3/2/18 19:46:45,123196,111100001244,$1.75,Fast Mart
3/2/18 19:59:16,123197,111100001242,$19.99,Fast Mart
3/2/18 19:59:16,123197,111100001238,$1.53,Quick Stop
3/2/18 19:59:16,123197,111100001239,$1.56,Quick Stop
3/2/18 20:01:43,123198,111100001237,$7.10,Fast Mart
3/2/18 20:01:43,123198,111100001246,$2.30,Quick Stop
3/2/18 20:14:06,123199,111100001237,$7.10,Fast Mart
3/2/18 20:14:06,123199,111100001245,$1.30,Quick Stop
3/2/18 20:14:06,123199,111100001241,$1.25,Quick Stop
3/2/18 20:14:06,123199,111100001240,$0.89,Quick Stop
3/2/18 20:19:43,123200,111100001242,$25.65,Fast Mart
3/2/18 20:19:43,123200,111100001244,$1.75,Fast Mart
3/2/18 20:23:28,123201,111100001240,$0.99,Fast Mart
3/2/18 20:23:28,123201,111100001240,$0.99,Fast Mart
3/2/18 20:33:15,123202,111100001245,$1.30,Quick Stop
3/2/18 20:33:15,123202,111100001234,$1.80,Fast Mart
3/2/18 20:33:15,123202,111100001242,$19.99,Fast Mart
3/2/18 20:33:15,123202,111100001245,$1.30,Quick Stop
3/2/18 20:40:19,123203,111100001238,$1.49,Fast Mart
3/2/18 20:40:19,123203,111100001237,$7.10,Fast Mart
3/2/18 20:40:19,123203,111100001246,$2.30,Quick Stop
3/2/18 20:40:19,123203,111100001239,$1.56,Quick Stop
3/2/18 20:54:43,123204,111100001237,$7.10,Fast Mart
3/2/18 20:59:37,123205,111100001244,$1.75,Fast Mart
3/2/18 20:59:37,123205,111100001238,$1.53,Quick Stop
3/2/18 21:12:17,123206,111100001236,$6.99,Fast Mart
3/2/18 21:15:01,123207,111100001235,$23.45,Fast Mart
3/2/18 21:15:01,123207,111100001242,$19.99,Fast Mart
3/2/18 21:18:20,123208,111100001242,$19.99,Fast Mart
3/2/18 21:18:20,123208,111100001242,$19.99,Fast Mart
3/2/18 21:20:12,123209,111100001235,$23.45,Fast Mart
3/2/18 21:20:12,123209,111100001242,$19.99,Fast Mart
3/2/18 21:34:27,123210,111100001235,$23.45,Fast Mart
3/2/18 21:34:27,123210,111100001242,$19.99,Fast Mart
3/2/18 21:34:27,123210,111100001244,$1.75,Fast Mart
3/2/18 21:48:51,123211,111100001242,$19.99,Fast Mart
3/2/18 21:48:51,123211,111100001245,$1.30,Quick Stop
3/2/18 21:48:51,123211,111100001242,$24.99,Quick Stop
3/2/18 21:48:51,123211,111100001236,$6.99,Fast Mart
3/2/18 21:48:51,123211,111100001241,$1.25,Quick Stop
3/2/18 21:52:45,123212,111100001237,$7.10,Fast Mart
3/2/18 21:56:21,123213,111100001246,$2.30,Quick Stop
3/2/18 21:56:21,123213,111100001240,$0.99,Fast Mart
3/2/18 21:56:21,123213,111100001242,$24.99,Quick Stop
3/2/18 22:04:50,123214,111100001235,$23.45,Fast Mart
3/2/18 22:11:45,123215,111100001240,$0.89,Quick Stop
3/2/18 22:11:45,123215,111100001240,$0.99,Fast Mart
3/2/18 22:11:45,123215,111100001234,$1.80,Fast Mart
3/2/18 22:11:45,123215,111100001245,$1.30,Quick Stop
3/2/18 22:20:58,123216,111100001234,$1.80,Fast Mart
3/3/18 06:58:23,123217,111100001235,$23.45,Fast Mart
3/3/18 06:58:23,123217,111100001237,$7.15,Quick Stop
3/3/18 06:58:23,123217,111100001238,$1.53,Quick Stop
3/3/18 06:58:23,123217,111100001240,$0.89,Quick Stop
3/3/18 06:58:23,123217,111100001234,$1.80,Fast Mart
3/3/18 07:02:42,123218,111100001237,$7.15,Quick Stop
3/3/18 07:02:42,123218,111100001240,$0.89,Quick Stop
3/3/18 07:02:42,123218,111100001242,$19.99,Fast Mart
3/3/18 07:04:35,123219,111100001240,$0.99,Fast Mart
3/3/18 07:07:10,123220,111100001245,$1.36,Fast Mart
3/3/18 07:07:10,123220,111100001242,$24.99,Quick Stop
3/3/18 06:03:58,123221,111100001236,$6.99,Fast Mart
3/3/18 06:03:58,123221,111100001245,$1.36,Fast Mart
3/3/18 06:03:58,123221,111100001242,$25.65,Fast Mart
3/3/18 06:03:58,123221,111100001234,$1.80,Fast Mart
3/3/18 06:03:58,123221,111100001240,$0.89,Quick Stop
3/3/18 06:09:44,123222,111100001242,$19.99,Fast Mart
3/3/18 06:09:44,123222,111100001246,$2.30,Quick Stop
3/3/18 06:09:44,123222,111100001234,$1.80,Fast Mart
3/3/18 06:09:44,123222,111100001240,$0.99,Fast Mart
3/3/18 06:15:38,123223,111100001239,$1.56,Quick Stop
3/3/18 06:15:55,123224,111100001246,$2.30,Quick Stop
3/3/18 06:15:55,123224,111100001239,$1.45,Fast Mart
3/3/18 06:17:04,123225,111100001238,$1.53,Quick Stop
3/3/18 06:24:08,123226,111100001245,$1.36,Fast Mart
3/3/18 06:32:03,123227,111100001238,$1.53,Quick Stop
3/3/18 06:32:03,123227,111100001239,$1.56,Quick Stop
3/3/18 06:32:03,123227,111100001238,$1.49,Fast Mart
3/3/18 06:33:55,123228,111100001237,$7.10,Fast Mart
3/3/18 06:33:55,123228,111100001242,$24.99,Quick Stop
3/3/18 06:33:55,123228,111100001234,$1.80,Fast Mart
3/3/18 06:33:55,123228,111100001242,$25.65,Fast Mart
3/3/18 06:33:55,123228,111100001241,$1.25,Quick Stop
3/3/18 06:33:55,123228,111100001240,$0.89,Quick Stop
3/3/18 06:33:55,123228,111100001245,$1.36,Fast Mart
3/3/18 06:33:55,123228,111100001239,$1.56,Quick Stop
3/3/18 06:03:45,123229,111100001242,$24.99,Quick Stop
3/3/18 06:03:45,123229,111100001240,$0.99,Fast Mart
3/3/18 06:05:29,123230,111100001239,$1.45,Fast Mart
3/3/18 06:06:55,123231,111100001235,$23.45,Fast Mart
3/3/18 06:06:55,123231,111100001241,$1.25,Quick Stop
3/3/18 06:12:58,123232,111100001239,$1.45,Fast Mart
3/3/18 06:26:30,123233,111100001234,$1.80,Fast Mart
3/3/18 06:26:30,123233,111100001237,$7.15,Quick Stop
3/3/18 06:26:30,123233,111100001240,$0.89,Quick Stop
3/3/18 06:26:30,123233,111100001237,$7.10,Fast Mart
3/3/18 06:26:30,123233,111100001240,$0.99,Fast Mart
3/3/18 06:36:35,123234,111100001234,$1.80,Fast Mart
3/3/18 06:36:35,123234,111100001240,$0.99,Fast Mart
3/3/18 06:37:53,123235,111100001242,$24.99,Quick Stop
3/3/18 06:43:47,123236,111100001241,$1.25,Quick Stop
3/3/18 06:46:14,123237,111100001235,$23.45,Fast Mart
3/3/18 06:46:14,123237,111100001245,$1.36,Fast Mart
3/3/18 06:46:14,123237,111100001239,$1.56,Quick Stop
3/3/18 06:59:46,123238,111100001245,$1.36,Fast Mart
3/3/18 06:59:46,123238,111100001240,$0.89,Quick Stop
3/3/18 06:59:46,123238,111100001246,$2.30,Quick Stop
3/3/18 07:04:57,123239,111100001245,$1.36,Fast Mart
3/3/18 07:19:04,123240,111100001240,$0.89,Quick Stop
3/3/18 07:30:09,123241,111100001244,$1.75,Fast Mart
3/3/18 07:30:09,123241,111100001239,$1.45,Fast Mart
3/3/18 07:30:09,123241,111100001236,$6.99,Fast Mart
3/3/18 07:30:09,123241,111100001240,$0.89,Quick Stop
3/3/18 07:33:36,123242,111100001242,$24.99,Quick Stop
3/3/18 07:33:36,123242,111100001239,$1.45,Fast Mart
3/3/18 07:33:36,123242,111100001235,$23.45,Fast Mart
3/3/18 07:36:38,123243,111100001244,$1.75,Fast Mart
3/3/18 07:47:00,123244,111100001242,$25.65,Fast Mart
3/3/18 07:47:00,123244,111100001246,$2.30,Quick Stop
3/3/18 07:53:11,123245,111100001234,$1.80,Fast Mart
3/3/18 07:53:11,123245,111100001237,$7.10,Fast Mart
3/3/18 07:53:11,123245,111100001238,$1.49,Fast Mart
3/3/18 08:04:34,123246,111100001239,$1.45,Fast Mart
3/3/18 08:04:34,123246,111100001245,$1.36,Fast Mart
3/3/18 08:16:31,123247,111100001246,$2.30,Quick Stop
3/3/18 08:28:02,123248,111100001239,$1.56,Quick Stop
3/3/18 08:38:59,123249,111100001242,$25.65,Fast Mart
3/3/18 08:38:59,123249,111100001240,$0.89,Quick Stop
3/3/18 08:38:59,123249,111100001245,$1.30,Quick Stop
3/3/18 08:38:59,123249,111100001237,$7.10,Fast Mart
3/3/18 08:38:59,123249,111100001237,$7.15,Quick Stop
3/3/18 08:38:59,123249,111100001239,$1.56,Quick Stop
3/3/18 08:38:59,123249,111100001239,$1.56,Quick Stop
3/3/18 08:38:59,123249,111100001238,$1.53,Quick Stop
3/3/18 08:38:59,123249,111100001239,$1.56,Quick Stop
3/3/18 08:38:59,123249,111100001245,$1.30,Quick Stop
3/3/18 08:52:22,123250,111100001236,$6.99,Fast Mart
3/3/18 08:52:22,123250,111100001235,$23.45,Fast Mart
3/3/18 09:03:45,123251,111100001238,$1.49,Fast Mart
3/3/18 09:08:30,123252,111100001244,$1.75,Fast Mart
3/3/18 09:14:16,123253,111100001244,$1.75,Fast Mart
3/3/18 09:14:16,123253,111100001245,$1.36,Fast Mart
3/3/18 09:14:16,123253,111100001246,$2.30,Quick Stop
3/3/18 09:14:16,123253,111100001240,$0.99,Fast Mart
3/3/18 09:14:16,123253,111100001242,$24.99,Quick Stop
3/3/18 09:14:16,123253,111100001241,$1.25,Quick Stop
3/3/18 09:14:16,123253,111100001241,$1.25,Quick Stop
3/3/18 09:14:16,123253,111100001241,$1.25,Quick Stop
3/3/18 09:14:16,123253,111100001240,$0.89,Quick Stop
3/3/18 09:27:48,123254,111100001242,$24.99,Quick Stop
3/3/18 09:35:26,123255,111100001239,$1.56,Quick Stop
3/3/18 09:35:26,123255,111100001237,$7.15,Quick Stop
3/3/18 09:35:26,123255,111100001246,$2.30,Quick Stop
3/3/18 09:35:26,123255,111100001239,$1.45,Fast Mart
3/3/18 09:42:46,123256,111100001238,$1.49,Fast Mart
3/3/18 09:47:32,123257,111100001245,$1.36,Fast Mart
3/3/18 10:01:12,123258,111100001234,$1.80,Fast Mart
3/3/18 10:01:12,123258,111100001240,$0.89,Quick Stop
3/3/18 10:01:12,123258,111100001245,$1.36,Fast Mart
3/3/18 10:01:12,123258,111100001242,$25.65,Fast Mart
3/3/18 10:01:12,123258,111100001236,$6.99,Fast Mart
3/3/18 10:01:12,123258,111100001241,$1.25,Quick Stop
3/3/18 10:01:12,123258,111100001239,$1.45,Fast Mart
3/3/18 10:01:12,123258,111100001239,$1.45,Fast Mart
3/3/18 10:11:52,123259,111100001237,$7.15,Quick Stop
3/3/18 10:11:52,123259,111100001240,$0.89,Quick Stop
3/3/18 10:14:53,123260,111100001241,$1.25,Quick Stop
3/3/18 10:14:53,123260,111100001240,$0.99,Fast Mart
3/3/18 10:21:22,123261,111100001235,$23.45,Fast Mart
3/3/18 10:27:51,123262,111100001237,$7.15,Quick Stop
3/3/18 10:27:51,123262,111100001239,$1.56,Quick Stop
3/3/18 10:37:04,123263,111100001245,$1.36,Fast Mart
3/3/18 10:42:49,123264,111100001244,$1.75,Fast Mart
3/3/18 10:42:49,123264,111100001239,$1.45,Fast Mart
3/3/18 10:42:49,123264,111100001239,$1.56,Quick Stop
3/3/18 10:42:49,123264,111100001241,$1.25,Quick Stop
3/3/18 10:52:28,123265,111100001241,$1.25,Quick Stop
3/3/18 10:52:28,123265,111100001234,$1.80,Fast Mart
3/3/18 10:52:28,123265,111100001237,$7.10,Fast Mart
3/3/18 11:06:00,123266,111100001240,$0.89,Quick Stop
3/3/18 11:06:00,123266,111100001238,$1.53,Quick Stop
3/3/18 11:06:00,123266,111100001240,$0.99,Fast Mart
3/3/18 11:06:00,123266,111100001242,$24.99,Quick Stop
3/3/18 11:06:00,123266,111100001239,$1.45,Fast Mart
3/3/18 11:06:00,123266,111100001235,$23.45,Fast Mart
3/3/18 11:14:13,123267,111100001239,$1.56,Quick Stop
3/3/18 11:14:13,123267,111100001240,$0.99,Fast Mart
3/3/18 11:14:13,123267,111100001239,$1.56,Quick Stop
3/3/18 11:28:37,123268,111100001242,$19.99,Fast Mart
3/3/18 11:36:23,123269,111100001238,$1.49,Fast Mart
3/3/18 11:37:58,123270,111100001238,$1.53,Quick Stop
3/3/18 11:37:58,123270,111100001237,$7.15,Quick Stop
3/3/18 11:41:17,123271,111100001242,$24.99,Quick Stop
3/3/18 11:41:17,123271,111100001245,$1.36,Fast Mart
3/3/18 11:41:17,123271,111100001242,$25.65,Fast Mart
3/3/18 11:41:17,123271,111100001246,$2.30,Quick Stop
3/3/18 11:41:17,123271,111100001242,$19.99,Fast Mart
3/3/18 11:52:22,123272,111100001242,$25.65,Fast Mart
3/3/18 11:53:23,123273,111100001236,$6.99,Fast Mart
3/3/18 11:53:23,123273,111100001238,$1.49,Fast Mart
3/3/18 11:53:23,123273,111100001237,$7.15,Quick Stop
3/3/18 11:53:23,123273,111100001245,$1.36,Fast Mart
3/3/18 11:59:52,123274,111100001236,$6.99,Fast Mart
3/3/18 12:11:06,123275,111100001242,$25.65,Fast Mart
3/3/18 12:14:07,123276,111100001239,$1.45,Fast Mart
3/3/18 12:14:24,123277,111100001244,$1.75,Fast Mart
3/3/18 12:23:46,123278,111100001239,$1.56,Quick Stop
3/3/18 12:23:46,123278,111100001241,$1.25,Quick Stop
3/3/18 12:23:46,123278,111100001239,$1.56,Quick Stop
3/3/18 12:23:46,123278,111100001242,$24.99,Quick Stop
3/3/18 12:23:46,123278,111100001238,$1.49,Fast Mart
3/3/18 12:31:58,123279,111100001239,$1.45,Fast Mart
3/3/18 12:34:08,123280,111100001244,$1.75,Fast Mart
3/3/18 12:34:08,123280,111100001242,$25.65,Fast Mart
3/3/18 12:34:08,123280,111100001237,$7.15,Quick Stop
3/3/18 12:48:15,123281,111100001235,$23.45,Fast Mart
3/3/18 12:48:15,123281,111100001240,$0.99,Fast Mart
3/3/18 12:52:43,123282,111100001240,$0.99,Fast Mart
3/3/18 13:02:21,123283,111100001245,$1.30,Quick Stop
3/3/18 13:02:21,123283,111100001238,$1.53,Quick Stop
3/3/18 13:02:21,123283,111100001245,$1.36,Fast Mart
3/3/18 13:02:21,123283,111100001238,$1.53,Quick Stop
3/3/18 13:02:21,123283,111100001234,$1.80,Fast Mart
3/3/18 13:02:21,123283,111100001242,$24.99,Quick Stop
3/3/18 13:02:21,123283,111100001235,$23.45,Fast Mart
3/3/18 13:16:37,123284,111100001240,$0.99,Fast Mart
3/3/18 13:27:25,123285,111100001239,$1.45,Fast Mart
3/3/18 13:27:25,123285,111100001236,$6.99,Fast Mart
3/3/18 13:35:46,123286,111100001237,$7.15,Quick Stop
3/3/18 13:35:46,123286,111100001239,$1.45,Fast Mart
3/3/18 13:35:46,123286,111100001240,$0.89,Quick Stop
3/3/18 13:35:46,123286,111100001237,$7.15,Quick Stop
3/3/18 13:45:42,123287,111100001239,$1.56,Quick Stop
3/3/18 13:52:02,123288,111100001244,$1.75,Fast Mart
3/3/18 13:53:29,123289,111100001239,$1.45,Fast Mart
3/3/18 14:06:35,123290,111100001240,$0.99,Fast Mart
3/3/18 14:06:35,123290,111100001234,$1.80,Fast Mart
3/3/18 14:06:35,123290,111100001244,$1.75,Fast Mart
3/3/18 14:14:13,123291,111100001234,$1.80,Fast Mart
3/3/18 14:14:13,123291,111100001237,$7.15,Quick Stop
3/3/18 14:14:13,123291,111100001237,$7.10,Fast Mart
3/3/18 14:17:40,123292,111100001238,$1.49,Fast Mart
3/3/18 14:26:10,123293,111100001240,$0.99,Fast Mart
3/3/18 14:38:16,123294,111100001244,$1.75,Fast Mart
3/3/18 14:38:16,123294,111100001240,$0.89,Quick Stop
3/3/18 14:42:09,123295,111100001237,$7.15,Quick Stop
3/3/18 14:42:09,123295,111100001245,$1.36,Fast Mart
3/3/18 14:44:36,123296,111100001237,$7.10,Fast Mart
3/3/18 14:58:25,123297,111100001246,$2.30,Quick Stop
3/3/18 14:58:25,123297,111100001242,$19.99,Fast Mart
3/3/18 14:58:25,123297,111100001238,$1.53,Quick Stop
3/3/18 14:58:25,123297,111100001241,$1.25,Quick Stop
3/3/18 14:58:25,123297,111100001237,$7.15,Quick Stop
3/3/18 14:58:25,123297,111100001241,$1.25,Quick Stop
3/3/18 15:11:14,123298,111100001240,$0.99,Fast Mart
3/3/18 15:14:42,123299,111100001244,$1.75,Fast Mart
3/3/18 15:22:20,123300,111100001235,$23.45,Fast Mart
3/3/18 15:22:20,123300,111100001236,$6.99,Fast Mart
3/3/18 15:35:17,123301,111100001235,$23.45,Fast Mart
3/3/18 15:48:32,123302,111100001242,$25.65,Fast Mart
3/3/18 15:48:32,123302,111100001240,$0.99,Fast Mart
3/3/18 15:48:32,123302,111100001239,$1.56,Quick Stop
3/3/18 15:48:32,123302,111100001237,$7.10,Fast Mart
3/3/18 16:00:03,123303,111100001240,$0.89,Quick Stop
3/3/18 16:00:03,123303,111100001244,$1.75,Fast Mart
3/3/18 16:00:03,123303,111100001244,$1.75,Fast Mart
3/3/18 16:13:18,123304,111100001240,$0.99,Fast Mart
3/3/18 16:17:03,123305,111100001242,$19.99,Fast Mart
3/3/18 16:18:46,123306,111100001242,$25.65,Fast Mart
3/3/18 16:26:16,123307,111100001240,$0.89,Quick Stop
3/3/18 16:26:16,123307,111100001237,$7.15,Quick Stop
3/3/18 16:38:56,123308,111100001240,$0.99,Fast Mart
3/3/18 16:45:33,123309,111100001236,$6.99,Fast Mart
3/3/18 16:45:33,123309,111100001239,$1.45,Fast Mart
3/3/18 16:45:33,123309,111100001236,$6.99,Fast Mart
3/3/18 16:48:35,123310,111100001245,$1.30,Quick Stop
3/3/18 16:48:35,123310,111100001240,$0.89,Quick Stop
3/3/18 16:48:35,123310,111100001245,$1.36,Fast Mart
3/3/18 16:48:35,123310,111100001235,$23.45,Fast Mart
3/3/18 16:48:35,123310,111100001239,$1.45,Fast Mart
3/3/18 16:56:39,123311,111100001240,$0.99,Fast Mart
3/3/18 16:56:39,123311,111100001244,$1.75,Fast Mart
3/3/18 16:56:39,123311,111100001244,$1.75,Fast Mart
3/3/18 16:56:39,123311,111100001234,$1.80,Fast Mart
3/3/18 17:04:51,123312,111100001239,$1.56,Quick Stop
3/3/18 17:04:51,123312,111100001242,$24.99,Quick Stop
3/3/18 17:04:51,123312,111100001235,$23.45,Fast Mart
3/3/18 17:04:51,123312,111100001240,$0.99,Fast Mart
3/3/18 17:04:51,123312,111100001238,$1.53,Quick Stop
3/3/18 17:13:30,123313,111100001237,$7.15,Quick Stop
3/3/18 17:14:04,123314,111100001246,$2.30,Quick Stop
3/3/18 17:14:04,123314,111100001242,$19.99,Fast Mart
3/3/18 17:22:08,123315,111100001237,$7.10,Fast Mart
3/3/18 17:22:08,123315,111100001245,$1.30,Quick Stop
3/3/18 17:22:08,123315,111100001237,$7.15,Quick Stop
3/3/18 17:22:08,123315,111100001237,$7.15,Quick Stop
3/3/18 17:22:08,123315,111100001240,$0.89,Quick Stop
3/3/18 17:26:01,123316,111100001241,$1.25,Quick Stop
3/3/18 17:33:05,123317,111100001240,$0.89,Quick Stop
3/3/18 17:46:45,123318,111100001239,$1.56,Quick Stop
3/3/18 17:49:12,123319,111100001246,$2.30,Quick Stop
3/3/18 17:54:06,123320,111100001239,$1.45,Fast Mart
3/3/18 17:54:49,123321,111100001237,$7.15,Quick Stop
3/3/18 18:08:39,123322,111100001241,$1.25,Quick Stop
3/3/18 18:08:39,123322,111100001234,$1.80,Fast Mart
3/3/18 18:08:39,123322,111100001244,$1.75,Fast Mart
3/3/18 18:09:13,123323,111100001235,$23.45,Fast Mart
3/3/18 18:09:57,123324,111100001238,$1.49,Fast Mart
3/3/18 18:12:06,123325,111100001238,$1.49,Fast Mart
3/3/18 18:20:10,123326,111100001238,$1.49,Fast Mart
3/3/18 18:20:10,123326,111100001239,$1.56,Quick Stop
3/3/18 18:32:07,123327,111100001240,$0.99,Fast Mart
3/3/18 18:32:07,123327,111100001242,$19.99,Fast Mart
3/3/18 18:39:54,123328,111100001238,$1.53,Quick Stop
3/3/18 18:39:54,123328,111100001238,$1.53,Quick Stop
3/3/18 18:39:54,123328,111100001234,$1.80,Fast Mart
3/3/18 18:50:42,123329,111100001237,$7.10,Fast Mart
3/3/18 18:50:42,123329,111100001241,$1.25,Quick Stop
3/3/18 18:50:42,123329,111100001239,$1.45,Fast Mart
3/3/18 18:50:42,123329,111100001245,$1.30,Quick Stop
3/3/18 18:50:42,123329,111100001240,$0.99,Fast Mart
3/3/18 18:51:16,123330,111100001242,$25.65,Fast Mart
3/3/18 18:51:16,123330,111100001238,$1.49,Fast Mart
3/3/18 18:51:51,123331,111100001237,$7.15,Quick Stop
3/3/18 18:51:51,123331,111100001246,$2.30,Quick Stop
3/3/18 19:04:40,123332,111100001240,$0.99,Fast Mart
3/3/18 19:04:40,123332,111100001239,$1.56,Quick Stop
3/3/18 19:04:40,123332,111100001238,$1.49,Fast Mart
3/3/18 19:12:44,123333,111100001245,$1.30,Quick Stop
3/3/18 19:12:44,123333,111100001235,$23.45,Fast Mart
3/3/18 19:21:31,123334,111100001244,$1.75,Fast Mart
3/3/18 19:25:15,123335,111100001239,$1.56,Quick Stop
3/3/18 19:36:29,123336,111100001240,$0.99,Fast Mart
3/3/18 19:36:29,123336,111100001242,$19.99,Fast Mart
3/3/18 19:36:38,123337,111100001246,$2.30,Quick Stop
3/3/18 19:43:24,123338,111100001245,$1.36,Fast Mart
3/3/18 19:43:24,123338,111100001236,$6.99,Fast Mart
3/3/18 19:43:24,123338,111100001237,$7.10,Fast Mart
3/3/18 19:43:24,123338,111100001238,$1.49,Fast Mart
3/3/18 19:43:24,123338,111100001239,$1.56,Quick Stop
3/3/18 19:43:24,123338,111100001244,$1.75,Fast Mart
3/3/18 19:43:24,123338,111100001235,$23.45,Fast Mart
3/3/18 19:46:34,123339,111100001246,$2.30,Quick Stop
3/3/18 19:46:34,123339,111100001238,$1.53,Quick Stop
3/3/18 19:53:11,123340,111100001242,$19.99,Fast Mart
3/3/18 19:53:11,123340,111100001246,$2.30,Quick Stop
3/3/18 19:54:38,123341,111100001241,$1.25,Quick Stop
3/3/18 19:54:38,123341,111100001241,$1.25,Quick Stop
3/3/18 20:07:01,123342,111100001242,$25.65,Fast Mart
3/3/18 20:11:03,123343,111100001240,$0.99,Fast Mart
3/3/18 20:22:43,123344,111100001244,$1.75,Fast Mart
3/3/18 20:36:06,123345,111100001246,$2.30,Quick Stop
3/3/18 20:41:26,123346,111100001242,$24.99,Quick Stop
3/3/18 20:41:26,123346,111100001240,$0.89,Quick Stop
3/3/18 20:41:26,123346,111100001245,$1.30,Quick Stop
3/3/18 20:41:26,123346,111100001237,$7.10,Fast Mart
3/3/18 20:41:26,123346,111100001242,$19.99,Fast Mart
3/3/18 20:41:26,123346,111100001242,$24.99,Quick Stop
3/3/18 20:41:26,123346,111100001245,$1.30,Quick Stop
3/3/18 20:54:58,123347,111100001240,$0.89,Quick Stop
3/3/18 20:54:58,123347,111100001235,$23.45,Fast Mart
3/3/18 21:01:18,123348,111100001235,$23.45,Fast Mart
3/3/18 21:01:18,123348,111100001235,$23.45,Fast Mart
3/3/18 21:01:18,123348,111100001242,$25.65,Fast Mart
3/3/18 21:01:18,123348,111100001242,$19.99,Fast Mart
3/3/18 21:02:10,123349,111100001245,$1.36,Fast Mart
3/3/18 21:13:50,123350,111100001242,$25.65,Fast Mart
3/3/18 21:15:25,123351,111100001236,$6.99,Fast Mart
3/3/18 21:24:46,123352,111100001242,$24.99,Quick Stop
3/3/18 21:24:46,123352,111100001242,$25.65,Fast Mart
3/3/18 21:24:46,123352,111100001245,$1.36,Fast Mart
3/3/18 21:35:52,123353,111100001244,$1.75,Fast Mart
3/3/18 21:43:12,123354,111100001241,$1.25,Quick Stop
3/3/18 21:43:12,123354,111100001242,$25.65,Fast Mart
3/3/18 21:43:12,123354,111100001242,$24.99,Quick Stop
3/3/18 21:49:15,123355,111100001242,$19.99,Fast Mart
3/3/18 21:49:15,123355,111100001238,$1.53,Quick Stop
3/3/18 21:49:15,123355,111100001242,$24.99,Quick Stop
3/3/18 21:49:15,123355,111100001234,$1.80,Fast Mart
3/3/18 21:49:15,123355,111100001236,$6.99,Fast Mart
3/3/18 21:49:15,123355,111100001240,$0.89,Quick Stop
3/3/18 21:50:33,123356,111100001234,$1.80,Fast Mart
3/3/18 21:50:33,123356,111100001240,$0.99,Fast Mart
3/3/18 21:50:33,123356,111100001245,$1.36,Fast Mart
3/3/18 21:50:33,123356,111100001237,$7.10,Fast Mart
3/3/18 21:50:33,123356,111100001239,$1.56,Quick Stop
3/3/18 21:50:33,123356,111100001245,$1.36,Fast Mart
3/3/18 21:54:44,123357,111100001237,$7.10,Fast Mart
3/3/18 22:02:13,123358,111100001240,$0.89,Quick Stop
3/3/18 22:02:13,123358,111100001239,$1.45,Fast Mart
3/3/18 22:02:13,123358,111100001245,$1.36,Fast Mart
3/3/18 22:02:13,123358,111100001244,$1.75,Fast Mart
3/3/18 22:13:44,123359,111100001245,$1.30,Quick Stop
3/3/18 22:25:50,123360,111100001245,$1.36,Fast Mart
3/3/18 22:25:50,123360,111100001234,$1.80,Fast Mart
3/3/18 22:25:50,123360,111100001239,$1.56,Quick Stop
3/3/18 22:31:35,123361,111100001235,$23.45,Fast Mart
3/3/18 22:31:35,123361,111100001238,$1.49,Fast Mart
3/3/18 22:31:35,123361,111100001241,$1.25,Quick Stop
3/3/18 22:31:35,123361,111100001244,$1.75,Fast Mart
3/3/18 22:44:50,123362,111100001242,$19.99,Fast Mart
3/3/18 22:54:46,123363,111100001234,$1.80,Fast Mart
3/3/18 22:54:46,123363,111100001234,$1.80,Fast Mart
3/3/18 22:54:46,123363,111100001239,$1.45,Fast Mart
3/3/18 22:54:46,123363,111100001234,$1.80,Fast Mart
3/3/18 22:54:46,123363,111100001242,$25.65,Fast Mart
3/3/18 22:54:46,123363,111100001239,$1.45,Fast Mart
3/3/18 23:01:41,123364,111100001239,$1.45,Fast Mart
3/3/18 23:01:41,123364,111100001238,$1.49,Fast Mart
3/3/18 23:01:41,123364,111100001241,$1.25,Quick Stop
3/3/18 23:06:26,123365,111100001236,$6.99,Fast Mart
3/3/18 23:19:50,123366,111100001241,$1.25,Quick Stop
3/3/18 23:19:50,123366,111100001245,$1.30,Quick Stop
3/3/18 23:19:50,123366,111100001238,$1.53,Quick Stop
3/3/18 23:24:18,123367,111100001234,$1.80,Fast Mart
3/3/18 23:24:18,123367,111100001235,$23.45,Fast Mart
3/3/18 23:26:45,123368,111100001234,$1.80,Fast Mart
3/3/18 23:37:07,123369,111100001245,$1.36,Fast Mart
3/3/18 23:37:07,123369,111100001242,$19.99,Fast Mart
3/3/18 23:37:07,123369,111100001245,$1.30,Quick Stop
3/3/18 23:47:29,123370,111100001241,$1.25,Quick Stop
3/3/18 23:47:29,123370,111100001237,$7.15,Quick Stop
3/3/18 23:47:29,123370,111100001237,$7.10,Fast Mart
3/3/18 23:47:29,123370,111100001240,$0.99,Fast Mart
3/3/18 23:54:06,123371,111100001242,$24.99,Quick Stop
3/3/18 23:54:06,123371,111100001244,$1.75,Fast Mart
3/3/18 23:54:06,123371,111100001234,$1.80,Fast Mart
3/4/18 06:05:45,123372,111100001245,$1.30,Quick Stop
3/4/18 06:15:15,123373,111100001238,$1.49,Fast Mart
3/4/18 06:26:46,123374,111100001239,$1.45,Fast Mart
3/4/18 06:26:46,123374,111100001245,$1.36,Fast Mart
3/4/18 06:41:10,123375,111100001245,$1.36,Fast Mart
3/4/18 06:54:17,123376,111100001234,$1.80,Fast Mart
3/4/18 07:06:14,123377,111100001245,$1.36,Fast Mart
3/4/18 07:06:14,123377,111100001245,$1.36,Fast Mart
3/4/18 07:06:14,123377,111100001240,$0.99,Fast Mart
3/4/18 07:10:59,123378,111100001246,$2.30,Quick Stop
3/4/18 07:10:59,123378,111100001234,$1.80,Fast Mart
3/4/18 07:10:59,123378,111100001240,$0.99,Fast Mart
3/4/18 07:10:59,123378,111100001238,$1.49,Fast Mart
3/4/18 07:10:59,123378,111100001235,$23.45,Fast Mart
3/4/18 07:10:59,123378,111100001244,$1.75,Fast Mart
3/4/18 07:10:59,123378,111100001240,$0.99,Fast Mart
3/4/18 07:10:59,123378,111100001240,$0.99,Fast Mart
3/4/18 07:10:59,123378,111100001237,$7.10,Fast Mart
3/4/18 07:10:59,123378,111100001237,$7.15,Quick Stop
3/4/18 07:10:59,123378,111100001245,$1.30,Quick Stop
3/4/18 07:10:59,123378,111100001242,$25.65,Fast Mart
3/4/18 07:20:55,123379,111100001236,$6.99,Fast Mart
3/4/18 07:34:45,123380,111100001242,$19.99,Fast Mart
3/4/18 07:34:45,123380,111100001237,$7.10,Fast Mart
3/4/18 07:34:45,123380,111100001238,$1.53,Quick Stop
3/4/18 07:34:45,123380,111100001241,$1.25,Quick Stop
3/4/18 07:47:51,123381,111100001240,$0.99,Fast Mart
3/4/18 07:47:51,123381,111100001240,$0.89,Quick Stop
3/4/18 07:47:51,123381,111100001236,$6.99,Fast Mart
3/4/18 07:47:51,123381,111100001246,$2.30,Quick Stop
3/4/18 07:47:51,123381,111100001241,$1.25,Quick Stop
3/4/18 07:47:51,123381,111100001244,$1.75,Fast Mart
3/4/18 07:47:51,123381,111100001245,$1.36,Fast Mart
3/4/18 07:58:56,123382,111100001237,$7.15,Quick Stop
3/4/18 07:58:56,123382,111100001238,$1.53,Quick Stop
3/4/18 07:58:56,123382,111100001245,$1.36,Fast Mart
3/4/18 08:06:43,123383,111100001242,$25.65,Fast Mart
3/4/18 08:08:26,123384,111100001240,$0.99,Fast Mart
3/4/18 08:08:26,123384,111100001246,$2.30,Quick Stop
3/4/18 08:08:26,123384,111100001236,$6.99,Fast Mart
3/4/18 08:18:22,123385,111100001245,$1.30,Quick Stop
3/4/18 08:32:21,123386,111100001246,$2.30,Quick Stop
3/4/18 08:32:21,123386,111100001244,$1.75,Fast Mart
3/4/18 08:39:58,123387,111100001238,$1.49,Fast Mart
3/4/18 08:39:58,123387,111100001239,$1.56,Quick Stop
3/4/18 08:48:11,123388,111100001245,$1.30,Quick Stop
3/4/18 08:48:11,123388,111100001242,$25.65,Fast Mart
3/4/18 08:53:48,123389,111100001234,$1.80,Fast Mart
3/4/18 08:55:06,123390,111100001235,$23.45,Fast Mart
3/4/18 08:55:06,123390,111100001239,$1.45,Fast Mart
3/4/18 09:08:21,123391,111100001238,$1.49,Fast Mart
3/4/18 09:15:50,123392,111100001235,$23.45,Fast Mart
3/4/18 09:15:50,123392,111100001237,$7.15,Quick Stop
3/4/18 09:15:50,123392,111100001239,$1.45,Fast Mart
3/4/18 09:15:50,123392,111100001242,$25.65,Fast Mart
3/4/18 09:17:59,123393,111100001240,$0.99,Fast Mart
3/4/18 09:17:59,123393,111100001244,$1.75,Fast Mart
3/4/18 09:24:20,123394,111100001238,$1.49,Fast Mart
3/4/18 09:24:20,123394,111100001246,$2.30,Quick Stop
3/4/18 09:36:08,123395,111100001245,$1.30,Quick Stop
3/4/18 09:36:08,123395,111100001242,$24.99,Quick Stop
3/4/18 09:36:08,123395,111100001240,$0.89,Quick Stop
3/4/18 09:40:27,123396,111100001242,$24.99,Quick Stop
3/4/18 09:40:27,123396,111100001240,$0.89,Quick Stop
3/4/18 09:42:37,123397,111100001245,$1.30,Quick Stop
3/4/18 09:50:23,123398,111100001246,$2.30,Quick Stop
3/4/18 09:50:23,123398,111100001242,$24.99,Quick Stop
3/4/18 10:04:21,123399,111100001246,$2.30,Quick Stop
3/4/18 10:04:21,123399,111100001237,$7.15,Quick Stop
3/4/18 10:04:21,123399,111100001245,$1.30,Quick Stop
3/4/18 10:04:21,123399,111100001241,$1.25,Quick Stop
3/4/18 10:09:50,123400,111100001237,$7.15,Quick Stop
3/4/18 10:09:50,123400,111100001237,$7.10,Fast Mart
3/4/18 10:09:50,123400,111100001242,$24.99,Quick Stop
3/4/18 10:09:50,123400,111100001242,$19.99,Fast Mart
3/4/18 10:09:50,123400,111100001245,$1.30,Quick Stop
3/4/18 10:18:45,123401,111100001240,$0.99,Fast Mart
3/4/18 10:31:43,123402,111100001240,$0.99,Fast Mart
3/4/18 10:41:31,123403,111100001237,$7.15,Quick Stop
3/4/18 10:55:37,123404,111100001234,$1.80,Fast Mart
3/4/18 11:08:44,123405,111100001242,$19.99,Fast Mart
3/4/18 11:08:44,123405,111100001244,$1.75,Fast Mart
3/4/18 11:08:44,123405,111100001246,$2.30,Quick Stop
3/4/18 11:08:44,123405,111100001245,$1.30,Quick Stop
3/4/18 11:08:44,123405,111100001236,$6.99,Fast Mart
3/4/18 11:08:44,123405,111100001237,$7.15,Quick Stop
3/4/18 11:21:41,123406,111100001238,$1.49,Fast Mart
3/4/18 11:21:41,123406,111100001242,$24.99,Quick Stop
3/4/18 11:21:41,123406,111100001245,$1.36,Fast Mart
3/4/18 11:21:41,123406,111100001240,$0.89,Quick Stop
3/4/18 11:21:41,123406,111100001236,$6.99,Fast Mart
3/4/18 11:21:41,123406,111100001237,$7.10,Fast Mart
3/4/18 11:21:41,123406,111100001239,$1.56,Quick Stop
3/4/18 11:24:34,123407,111100001240,$0.89,Quick Stop
3/4/18 11:24:34,123407,111100001237,$7.15,Quick Stop
3/4/18 11:24:34,123407,111100001244,$1.75,Fast Mart
3/4/18 11:37:32,123408,111100001240,$0.89,Quick Stop
3/4/18 11:42:25,123409,111100001244,$1.75,Fast Mart
3/4/18 11:42:25,123409,111100001239,$1.45,Fast Mart
3/4/18 11:42:25,123409,111100001241,$1.25,Quick Stop
3/4/18 11:42:25,123409,111100001246,$2.30,Quick Stop
3/4/18 11:44:00,123410,111100001238,$1.53,Quick Stop
3/4/18 11:44:44,123411,111100001245,$1.36,Fast Mart
3/4/18 11:44:44,123411,111100001238,$1.53,Quick Stop
3/4/18 11:56:06,123412,111100001241,$1.25,Quick Stop
3/4/18 12:07:55,123413,111100001242,$25.65,Fast Mart
3/4/18 12:21:27,123414,111100001242,$19.99,Fast Mart
3/4/18 12:21:27,123414,111100001237,$7.10,Fast Mart
3/4/18 12:21:27,123414,111100001242,$19.99,Fast Mart
3/4/18 12:27:56,123415,111100001236,$6.99,Fast Mart
3/4/18 12:27:56,123415,111100001236,$6.99,Fast Mart
3/4/18 12:27:56,123415,111100001245,$1.36,Fast Mart
3/4/18 12:27:56,123415,111100001240,$0.89,Quick Stop
3/4/18 12:27:56,123415,111100001246,$2.30,Quick Stop
3/4/18 12:35:08,123416,111100001242,$25.65,Fast Mart
3/4/18 12:35:08,123416,111100001240,$0.99,Fast Mart
3/4/18 12:35:08,123416,111100001238,$1.49,Fast Mart
3/4/18 12:41:54,123417,111100001237,$7.15,Quick Stop
3/4/18 12:41:54,123417,111100001238,$1.53,Quick Stop
3/4/18 12:41:54,123417,111100001234,$1.80,Fast Mart
3/4/18 12:41:54,123417,111100001240,$0.89,Quick Stop
3/4/18 12:41:54,123417,111100001239,$1.56,Quick Stop
3/4/18 12:41:54,123417,111100001234,$1.80,Fast Mart
3/4/18 12:46:04,123418,111100001239,$1.56,Quick Stop
3/4/18 12:46:56,123419,111100001240,$0.99,Fast Mart
3/4/18 12:52:50,123420,111100001238,$1.53,Quick Stop
3/4/18 12:52:50,123420,111100001236,$6.99,Fast Mart
3/4/18 12:52:50,123420,111100001242,$24.99,Quick Stop
3/4/18 13:01:29,123421,111100001236,$6.99,Fast Mart
3/4/18 13:01:29,123421,111100001238,$1.53,Quick Stop
3/4/18 13:01:29,123421,111100001245,$1.36,Fast Mart
3/4/18 13:04:21,123422,111100001240,$0.89,Quick Stop
3/4/18 13:04:21,123422,111100001237,$7.10,Fast Mart
3/4/18 13:04:21,123422,111100001244,$1.75,Fast Mart
3/4/18 13:05:22,123423,111100001235,$23.45,Fast Mart
3/4/18 13:05:22,123423,111100001239,$1.56,Quick Stop
3/4/18 13:05:22,123423,111100001238,$1.49,Fast Mart
3/4/18 13:05:22,123423,111100001236,$6.99,Fast Mart
3/4/18 13:05:22,123423,111100001242,$25.65,Fast Mart
3/4/18 13:05:22,123423,111100001240,$0.99,Fast Mart
3/4/18 13:05:22,123423,111100001246,$2.30,Quick Stop
3/4/18 13:05:22,123423,111100001235,$23.45,Fast Mart
3/4/18 13:12:08,123424,111100001234,$1.80,Fast Mart
3/4/18 13:12:08,123424,111100001237,$7.15,Quick Stop
3/4/18 13:12:08,123424,111100001239,$1.56,Quick Stop
3/4/18 13:12:08,123424,111100001242,$19.99,Fast Mart
3/4/18 13:18:28,123425,111100001244,$1.75,Fast Mart
3/4/18 13:18:28,123425,111100001238,$1.49,Fast Mart
3/4/18 13:30:08,123426,111100001234,$1.80,Fast Mart
3/4/18 13:43:57,123427,111100001239,$1.56,Quick Stop
3/4/18 13:43:57,123427,111100001239,$1.56,Quick Stop
3/4/18 13:52:01,123428,111100001237,$7.10,Fast Mart
3/4/18 13:54:20,123429,111100001242,$19.99,Fast Mart
3/4/18 13:54:20,123429,111100001242,$25.65,Fast Mart
3/4/18 14:00:05,123430,111100001242,$19.99,Fast Mart
3/4/18 14:02:49,123431,111100001245,$1.30,Quick Stop
3/4/18 14:02:49,123431,111100001240,$0.89,Quick Stop
3/4/18 14:04:16,123432,111100001238,$1.53,Quick Stop
3/4/18 14:04:16,123432,111100001240,$0.89,Quick Stop
3/4/18 14:15:04,123433,111100001234,$1.80,Fast Mart
3/4/18 14:19:06,123434,111100001242,$25.65,Fast Mart
3/4/18 14:21:24,123435,111100001245,$1.30,Quick Stop
3/4/18 14:24:25,123436,111100001237,$7.10,Fast Mart
3/4/18 14:24:25,123436,111100001237,$7.15,Quick Stop
3/4/18 14:33:38,123437,111100001238,$1.53,Quick Stop
3/4/18 14:37:40,123438,111100001241,$1.25,Quick Stop
3/4/18 14:49:46,123439,111100001237,$7.15,Quick Stop
3/4/18 14:52:13,123440,111100001242,$19.99,Fast Mart
3/4/18 14:52:13,123440,111100001240,$0.99,Fast Mart
3/4/18 14:52:13,123440,111100001245,$1.30,Quick Stop
3/4/18 14:52:13,123440,111100001240,$0.99,Fast Mart
3/4/18 14:57:24,123441,111100001239,$1.56,Quick Stop
3/4/18 15:01:52,123442,111100001236,$6.99,Fast Mart
3/4/18 15:01:52,123442,111100001237,$7.15,Quick Stop
3/4/18 15:03:01,123443,111100001239,$1.45,Fast Mart
3/4/18 15:03:01,123443,111100001242,$19.99,Fast Mart
3/4/18 15:15:58,123444,111100001246,$2.30,Quick Stop
3/4/18 15:15:58,123444,111100001237,$7.15,Quick Stop
3/4/18 15:15:58,123444,111100001246,$2.30,Quick Stop
3/4/18 15:28:56,123445,111100001238,$1.49,Fast Mart
3/4/18 15:35:33,123446,111100001239,$1.56,Quick Stop
3/4/18 15:35:33,123446,111100001246,$2.30,Quick Stop
3/4/18 15:35:33,123446,111100001240,$0.99,Fast Mart
3/4/18 15:35:33,123446,111100001240,$0.99,Fast Mart
3/4/18 15:35:33,123446,111100001237,$7.15,Quick Stop
3/4/18 15:35:33,123446,111100001244,$1.75,Fast Mart
3/4/18 15:37:52,123447,111100001239,$1.45,Fast Mart
3/4/18 15:37:52,123447,111100001237,$7.15,Quick Stop
3/4/18 15:37:52,123447,111100001237,$7.15,Quick Stop
3/4/18 15:37:52,123447,111100001241,$1.25,Quick Stop
3/4/18 15:37:52,123447,111100001242,$25.65,Fast Mart
3/4/18 15:48:48,123448,111100001240,$0.89,Quick Stop
3/4/18 15:48:48,123448,111100001242,$25.65,Fast Mart
3/4/18 15:48:48,123448,111100001240,$0.99,Fast Mart
3/4/18 15:48:48,123448,111100001235,$23.45,Fast Mart
3/4/18 15:51:58,123449,111100001246,$2.30,Quick Stop
3/4/18 15:59:02,123450,111100001240,$0.89,Quick Stop
3/4/18 15:59:02,123450,111100001240,$0.99,Fast Mart
3/4/18 15:59:02,123450,111100001242,$25.65,Fast Mart
3/4/18 15:59:02,123450,111100001239,$1.56,Quick Stop
3/4/18 15:59:02,123450,111100001240,$0.99,Fast Mart
3/4/18 15:59:02,123450,111100001246,$2.30,Quick Stop
3/4/18 15:59:02,123450,111100001238,$1.53,Quick Stop
3/4/18 15:59:02,123450,111100001242,$25.65,Fast Mart
3/4/18 15:59:02,123450,111100001245,$1.30,Quick Stop
3/4/18 15:59:02,123450,111100001240,$0.89,Quick Stop
3/4/18 15:59:02,123450,111100001246,$2.30,Quick Stop
3/4/18 16:02:21,123451,111100001241,$1.25,Quick Stop
3/4/18 16:02:21,123451,111100001242,$25.65,Fast Mart
3/4/18 16:02:21,123451,111100001239,$1.45,Fast Mart
3/4/18 16:02:21,123451,111100001239,$1.45,Fast Mart
3/4/18 16:02:21,123451,111100001246,$2.30,Quick Stop
3/4/18 16:02:46,123452,111100001240,$0.89,Quick Stop
3/4/18 16:02:46,123452,111100001238,$1.49,Fast Mart
3/4/18 16:16:10,123453,111100001235,$23.45,Fast Mart
3/4/18 16:19:37,123454,111100001242,$19.99,Fast Mart
3/4/18 16:19:46,123455,111100001240,$0.89,Quick Stop
3/4/18 16:31:17,123456,111100001237,$7.10,Fast Mart
3/4/18 16:31:17,123456,111100001242,$25.65,Fast Mart
3/4/18 16:31:17,123456,111100001237,$7.10,Fast Mart
3/4/18 16:42:14,123457,111100001245,$1.30,Quick Stop
3/4/18 16:42:14,123457,111100001240,$0.99,Fast Mart
3/4/18 16:47:16,123458,111100001240,$0.89,Quick Stop
3/4/18 16:47:16,123458,111100001235,$23.45,Fast Mart
3/4/18 16:47:16,123458,111100001239,$1.56,Quick Stop
3/4/18 16:48:43,123459,111100001240,$0.89,Quick Stop
3/4/18 16:48:43,123459,111100001242,$19.99,Fast Mart
3/4/18 16:48:43,123459,111100001240,$0.89,Quick Stop
3/4/18 16:48:43,123459,111100001235,$23.45,Fast Mart
3/4/18 16:48:43,123459,111100001239,$1.45,Fast Mart
3/4/18 16:48:43,123459,111100001238,$1.49,Fast Mart
3/4/18 16:53:45,123460,111100001238,$1.53,Quick Stop
3/4/18 16:53:45,123460,111100001238,$1.53,Quick Stop
3/4/18 16:53:45,123460,111100001239,$1.45,Fast Mart
3/4/18 16:53:45,123460,111100001238,$1.53,Quick Stop
3/4/18 16:53:45,123460,111100001239,$1.45,Fast Mart
3/4/18 17:07:00,123461,111100001235,$23.45,Fast Mart
3/4/18 17:17:31,123462,111100001238,$1.53,Quick Stop
3/4/18 17:17:31,123462,111100001246,$2.30,Quick Stop
3/4/18 17:26:35,123463,111100001236,$6.99,Fast Mart
3/4/18 17:26:35,123463,111100001245,$1.30,Quick Stop
3/4/18 17:31:20,123464,111100001236,$6.99,Fast Mart
3/4/18 17:41:08,123465,111100001242,$25.65,Fast Mart
3/4/18 17:41:08,123465,111100001245,$1.30,Quick Stop
3/4/18 17:48:02,123466,111100001235,$23.45,Fast Mart
3/4/18 17:48:02,123466,111100001235,$23.45,Fast Mart
3/4/18 17:59:16,123467,111100001235,$23.45,Fast Mart
3/4/18 17:59:16,123467,111100001240,$0.99,Fast Mart
3/4/18 17:59:16,123467,111100001242,$24.99,Quick Stop
3/4/18 18:06:54,123468,111100001237,$7.15,Quick Stop
3/4/18 18:06:54,123468,111100001245,$1.36,Fast Mart
3/4/18 18:21:18,123469,111100001244,$1.75,Fast Mart
3/4/18 18:21:18,123469,111100001241,$1.25,Quick Stop
3/4/18 18:31:14,123470,111100001242,$24.99,Quick Stop
3/4/18 18:31:14,123470,111100001239,$1.45,Fast Mart
3/4/18 18:31:14,123470,111100001240,$0.89,Quick Stop
3/4/18 18:31:14,123470,111100001244,$1.75,Fast Mart
3/4/18 18:31:14,123470,111100001242,$25.65,Fast Mart
3/4/18 18:31:14,123470,111100001235,$23.45,Fast Mart
3/4/18 18:31:14,123470,111100001246,$2.30,Quick Stop
3/4/18 18:31:14,123470,111100001241,$1.25,Quick Stop
3/4/18 18:31:49,123471,111100001237,$7.10,Fast Mart
3/4/18 18:31:49,123471,111100001242,$25.65,Fast Mart
3/4/18 18:31:49,123471,111100001240,$0.99,Fast Mart
3/4/18 18:35:33,123472,111100001245,$1.36,Fast Mart
3/4/18 18:47:22,123473,111100001234,$1.80,Fast Mart
3/4/18 18:47:22,123473,111100001246,$2.30,Quick Stop
3/4/18 18:58:27,123474,111100001239,$1.45,Fast Mart
3/4/18 18:58:27,123474,111100001240,$0.89,Quick Stop
3/4/18 19:10:07,123475,111100001234,$1.80,Fast Mart
3/4/18 19:10:07,123475,111100001240,$0.89,Quick Stop
3/4/18 19:10:07,123475,111100001238,$1.49,Fast Mart
3/4/18 19:10:07,123475,111100001239,$1.56,Quick Stop
3/4/18 19:10:07,123475,111100001239,$1.56,Quick Stop
3/4/18 19:10:07,123475,111100001234,$1.80,Fast Mart
3/4/18 19:18:45,123476,111100001244,$1.75,Fast Mart
3/4/18 19:32:09,123477,111100001237,$7.10,Fast Mart
3/4/18 19:32:09,123477,111100001237,$7.15,Quick Stop
3/4/18 19:40:39,123478,111100001240,$0.99,Fast Mart
3/4/18 19:40:39,123478,111100001234,$1.80,Fast Mart
3/4/18 19:42:40,123479,111100001239,$1.56,Quick Stop
3/4/18 19:43:57,123480,111100001234,$1.80,Fast Mart
3/4/18 19:43:57,123480,111100001242,$25.65,Fast Mart
3/4/18 19:43:57,123480,111100001239,$1.45,Fast Mart
3/4/18 19:43:57,123480,111100001239,$1.56,Quick Stop
3/4/18 19:43:57,123480,111100001236,$6.99,Fast Mart
3/4/18 19:49:17,123481,111100001235,$23.45,Fast Mart
3/4/18 20:02:49,123482,111100001234,$1.80,Fast Mart
3/4/18 20:13:29,123483,111100001244,$1.75,Fast Mart
3/4/18 20:13:29,123483,111100001237,$7.15,Quick Stop
3/4/18 20:13:29,123483,111100001238,$1.53,Quick Stop
3/4/18 20:13:29,123483,111100001242,$19.99,Fast Mart
3/4/18 20:13:29,123483,111100001239,$1.45,Fast Mart
3/4/18 20:13:29,123483,111100001235,$23.45,Fast Mart
3/4/18 20:13:29,123483,111100001246,$2.30,Quick Stop
3/4/18 20:13:29,123483,111100001246,$2.30,Quick Stop
3/4/18 20:13:29,123483,111100001241,$1.25,Quick Stop
3/4/18 20:13:29,123483,111100001241,$1.25,Quick Stop
3/4/18 20:18:05,123484,111100001241,$1.25,Quick Stop
3/4/18 20:18:05,123484,111100001240,$0.89,Quick Stop
3/4/18 20:22:33,123485,111100001238,$1.53,Quick Stop
3/4/18 20:22:33,123485,111100001245,$1.30,Quick Stop
3/4/18 20:22:33,123485,111100001242,$19.99,Fast Mart
3/4/18 20:22:33,123485,111100001234,$1.80,Fast Mart
3/4/18 20:22:33,123485,111100001242,$25.65,Fast Mart
3/4/18 20:22:33,123485,111100001234,$1.80,Fast Mart
3/4/18 20:22:33,123485,111100001238,$1.49,Fast Mart
3/4/18 20:22:33,123485,111100001238,$1.53,Quick Stop
3/4/18 20:36:57,123486,111100001240,$0.99,Fast Mart
3/4/18 20:38:15,123487,111100001246,$2.30,Quick Stop
3/4/18 20:48:11,123488,111100001236,$6.99,Fast Mart
3/4/18 20:48:11,123488,111100001240,$0.89,Quick Stop
3/4/18 21:02:18,123489,111100001239,$1.45,Fast Mart
3/4/18 21:02:18,123489,111100001242,$24.99,Quick Stop
3/4/18 21:02:18,123489,111100001238,$1.49,Fast Mart
3/4/18 21:02:35,123490,111100001242,$25.65,Fast Mart
3/4/18 21:11:22,123491,111100001242,$25.65,Fast Mart
3/4/18 21:11:22,123491,111100001244,$1.75,Fast Mart
3/4/18 21:20:44,123492,111100001241,$1.25,Quick Stop
3/4/18 21:34:16,123493,111100001235,$23.45,Fast Mart
3/4/18 21:34:16,123493,111100001242,$25.65,Fast Mart
3/4/18 21:34:16,123493,111100001241,$1.25,Quick Stop
3/4/18 21:34:16,123493,111100001242,$24.99,Quick Stop
3/4/18 21:40:36,123494,111100001242,$19.99,Fast Mart
3/4/18 21:51:07,123495,111100001242,$24.99,Quick Stop
3/4/18 21:51:07,123495,111100001235,$23.45,Fast Mart
3/4/18 21:51:07,123495,111100001239,$1.45,Fast Mart
3/4/18 21:51:07,123495,111100001244,$1.75,Fast Mart
3/4/18 22:03:12,123496,111100001237,$7.10,Fast Mart
3/4/18 22:03:12,123496,111100001236,$6.99,Fast Mart
3/4/18 22:13:34,123497,111100001240,$0.99,Fast Mart
3/4/18 22:14:00,123498,111100001245,$1.30,Quick Stop
3/4/18 22:20:03,123499,111100001245,$1.30,Quick Stop
3/4/18 22:20:03,123499,111100001235,$23.45,Fast Mart
3/4/18 22:20:03,123499,111100001238,$1.49,Fast Mart
3/4/18 22:20:03,123499,111100001240,$0.89,Quick Stop
3/4/18 22:21:30,123500,111100001239,$1.45,Fast Mart
3/4/18 22:21:30,123500,111100001246,$2.30,Quick Stop
3/4/18 22:21:30,123500,111100001245,$1.36,Fast Mart
3/4/18 22:21:30,123500,111100001245,$1.30,Quick Stop
3/4/18 22:21:30,123500,111100001235,$23.45,Fast Mart
3/4/18 22:21:30,123500,111100001246,$2.30,Quick Stop
3/4/18 22:21:30,123500,111100001246,$2.30,Quick Stop
3/4/18 22:21:30,123500,111100001238,$1.53,Quick Stop
3/4/18 22:29:25,123501,111100001239,$1.45,Fast Mart
3/4/18 22:43:49,123502,111100001245,$1.30,Quick Stop
3/4/18 22:44:15,123503,111100001237,$7.15,Quick Stop
3/4/18 22:52:53,123504,111100001240,$0.89,Quick Stop
3/4/18 22:52:53,123504,111100001235,$23.45,Fast Mart
3/4/18 23:04:16,123505,111100001238,$1.49,Fast Mart
3/4/18 23:13:55,123506,111100001236,$6.99,Fast Mart
3/4/18 23:13:55,123506,111100001237,$7.10,Fast Mart
3/4/18 23:13:55,123506,111100001238,$1.53,Quick Stop
3/4/18 23:13:55,123506,111100001242,$19.99,Fast Mart
3/4/18 23:13:55,123506,111100001238,$1.53,Quick Stop
3/4/18 23:14:03,123507,111100001245,$1.30,Quick Stop
3/4/18 23:14:38,123508,111100001241,$1.25,Quick Stop
3/4/18 23:14:38,123508,111100001238,$1.53,Quick Stop
3/4/18 23:25:52,123509,111100001245,$1.36,Fast Mart
3/4/18 23:25:52,123509,111100001244,$1.75,Fast Mart
3/4/18 23:25:52,123509,111100001235,$23.45,Fast Mart
3/4/18 23:25:52,123509,111100001239,$1.45,Fast Mart
3/4/18 23:25:52,123509,111100001238,$1.53,Quick Stop
3/4/18 23:25:52,123509,111100001237,$7.10,Fast Mart
3/5/18 06:15:45,123510,111100001242,$24.99,Quick Stop
3/5/18 06:15:45,123510,111100001239,$1.45,Fast Mart
3/5/18 06:15:45,123510,111100001245,$1.36,Fast Mart
3/5/18 06:15:45,123510,111100001245,$1.36,Fast Mart
3/5/18 06:16:37,123511,111100001241,$1.25,Quick Stop
3/5/18 06:18:21,123512,111100001240,$0.99,Fast Mart
3/5/18 06:29:34,123513,111100001236,$6.99,Fast Mart
3/5/18 06:29:34,123513,111100001236,$6.99,Fast Mart
3/5/18 06:39:57,123514,111100001237,$7.10,Fast Mart
3/5/18 06:39:57,123514,111100001244,$1.75,Fast Mart
3/5/18 06:39:57,123514,111100001244,$1.75,Fast Mart
3/5/18 06:39:57,123514,111100001237,$7.10,Fast Mart
3/5/18 06:39:57,123514,111100001240,$0.99,Fast Mart
3/5/18 06:44:59,123515,111100001241,$1.25,Quick Stop
3/5/18 06:44:59,123515,111100001240,$0.89,Quick Stop
3/5/18 06:50:53,123516,111100001235,$23.45,Fast Mart
3/5/18 06:50:53,123516,111100001242,$24.99,Quick Stop
3/5/18 06:50:53,123516,111100001238,$1.49,Fast Mart
3/5/18 06:53:55,123517,111100001239,$1.56,Quick Stop
3/5/18 07:04:08,123518,111100001242,$24.99,Quick Stop
3/5/18 07:04:08,123518,111100001237,$7.10,Fast Mart
3/5/18 07:09:19,123519,111100001240,$0.99,Fast Mart
3/5/18 07:09:19,123519,111100001245,$1.36,Fast Mart
3/5/18 07:09:19,123519,111100001239,$1.56,Quick Stop
3/5/18 07:09:19,123519,111100001240,$0.99,Fast Mart
3/5/18 07:09:19,123519,111100001237,$7.15,Quick Stop
3/5/18 07:09:19,123519,111100001242,$24.99,Quick Stop
3/5/18 07:09:19,123519,111100001237,$7.10,Fast Mart
3/5/18 07:16:57,123520,111100001244,$1.75,Fast Mart
3/5/18 07:16:57,123520,111100001242,$19.99,Fast Mart
3/5/18 07:21:25,123521,111100001235,$23.45,Fast Mart
3/5/18 07:29:03,123522,111100001239,$1.56,Quick Stop
3/5/18 07:29:03,123522,111100001238,$1.53,Quick Stop
3/5/18 07:29:03,123522,111100001245,$1.36,Fast Mart
3/5/18 07:29:03,123522,111100001238,$1.53,Quick Stop
3/5/18 07:29:03,123522,111100001237,$7.15,Quick Stop
3/5/18 07:29:03,123522,111100001237,$7.10,Fast Mart
3/5/18 07:39:59,123523,111100001242,$19.99,Fast Mart
3/5/18 07:39:59,123523,111100001239,$1.45,Fast Mart
3/5/18 07:39:59,123523,111100001235,$23.45,Fast Mart
3/5/18 07:39:59,123523,111100001234,$1.80,Fast Mart
3/5/18 07:39:59,123523,111100001245,$1.30,Quick Stop
3/5/18 07:01:23,123524,111100001238,$1.53,Quick Stop
3/5/18 07:01:23,123524,111100001238,$1.53,Quick Stop
3/5/18 07:14:38,123525,111100001240,$0.99,Fast Mart
3/5/18 07:15:12,123526,111100001242,$24.99,Quick Stop
3/5/18 07:15:12,123526,111100001244,$1.75,Fast Mart
3/5/18 07:15:12,123526,111100001239,$1.45,Fast Mart
3/5/18 07:20:06,123527,111100001239,$1.56,Quick Stop
3/5/18 07:20:06,123527,111100001239,$1.45,Fast Mart
3/5/18 07:20:06,123527,111100001237,$7.10,Fast Mart
3/5/18 07:20:06,123527,111100001241,$1.25,Quick Stop
3/5/18 07:20:06,123527,111100001238,$1.49,Fast Mart
3/5/18 07:20:06,123527,111100001241,$1.25,Quick Stop
3/5/18 07:33:56,123528,111100001237,$7.10,Fast Mart
3/5/18 07:33:56,123528,111100001244,$1.75,Fast Mart
3/5/18 07:45:01,123529,111100001242,$24.99,Quick Stop
3/5/18 07:45:01,123529,111100001237,$7.10,Fast Mart
3/5/18 07:45:01,123529,111100001241,$1.25,Quick Stop
3/5/18 07:45:01,123529,111100001235,$23.45,Fast Mart
3/5/18 07:45:01,123529,111100001234,$1.80,Fast Mart
3/5/18 07:45:01,123529,111100001236,$6.99,Fast Mart
3/5/18 07:45:01,123529,111100001240,$0.99,Fast Mart
3/5/18 07:45:01,123529,111100001242,$25.65,Fast Mart
3/5/18 07:45:01,123529,111100001245,$1.30,Quick Stop
3/5/18 07:48:02,123530,111100001239,$1.45,Fast Mart
3/5/18 07:54:14,123531,111100001234,$1.80,Fast Mart
3/5/18 07:54:14,123531,111100001240,$0.99,Fast Mart
3/5/18 07:54:14,123531,111100001246,$2.30,Quick Stop
3/5/18 07:54:14,123531,111100001237,$7.10,Fast Mart
3/5/18 07:58:33,123532,111100001237,$7.10,Fast Mart
3/5/18 08:03:01,123533,111100001245,$1.30,Quick Stop
3/5/18 08:03:01,123533,111100001244,$1.75,Fast Mart
3/5/18 08:03:01,123533,111100001242,$24.99,Quick Stop
3/5/18 08:04:36,123534,111100001239,$1.45,Fast Mart
3/5/18 08:13:23,123535,111100001235,$23.45,Fast Mart
3/5/18 08:23:11,123536,111100001239,$1.56,Quick Stop
3/5/18 08:23:11,123536,111100001242,$25.65,Fast Mart
3/5/18 08:23:11,123536,111100001246,$2.30,Quick Stop
3/5/18 08:31:23,123537,111100001242,$24.99,Quick Stop
3/5/18 08:43:20,123538,111100001240,$0.99,Fast Mart
3/5/18 08:57:35,123539,111100001237,$7.15,Quick Stop
3/5/18 08:57:35,123539,111100001239,$1.45,Fast Mart
3/5/18 08:57:35,123539,111100001242,$19.99,Fast Mart
3/5/18 08:57:35,123539,111100001242,$19.99,Fast Mart
3/5/18 08:57:35,123539,111100001240,$0.89,Quick Stop
3/5/18 08:57:35,123539,111100001237,$7.15,Quick Stop
3/5/18 08:59:19,123540,111100001246,$2.30,Quick Stop
3/5/18 08:59:19,123540,111100001234,$1.80,Fast Mart
3/5/18 08:59:19,123540,111100001238,$1.49,Fast Mart
3/5/18 08:59:19,123540,111100001240,$0.99,Fast Mart
3/5/18 09:07:32,123541,111100001238,$1.53,Quick Stop
3/5/18 09:13:17,123542,111100001240,$0.99,Fast Mart
3/5/18 09:21:04,123543,111100001239,$1.45,Fast Mart
3/5/18 09:24:48,123544,111100001235,$23.45,Fast Mart
3/5/18 09:24:48,123544,111100001238,$1.53,Quick Stop
3/5/18 09:24:48,123544,111100001235,$23.45,Fast Mart
3/5/18 09:24:48,123544,111100001234,$1.80,Fast Mart
3/5/18 09:31:09,123545,111100001242,$24.99,Quick Stop
3/5/18 09:31:09,123545,111100001237,$7.10,Fast Mart
3/5/18 09:37:29,123546,111100001234,$1.80,Fast Mart
3/5/18 09:49:00,123547,111100001239,$1.56,Quick Stop
3/5/18 09:49:00,123547,111100001240,$0.89,Quick Stop
3/5/18 09:49:00,123547,111100001238,$1.49,Fast Mart
3/5/18 09:49:00,123547,111100001244,$1.75,Fast Mart
3/5/18 09:49:00,123547,111100001237,$7.15,Quick Stop
3/5/18 09:49:00,123547,111100001245,$1.36,Fast Mart
3/5/18 09:49:00,123547,111100001237,$7.15,Quick Stop
3/5/18 09:49:00,123547,111100001245,$1.30,Quick Stop
3/5/18 09:53:19,123548,111100001245,$1.36,Fast Mart
3/5/18 10:02:58,123549,111100001240,$0.99,Fast Mart
3/5/18 10:02:58,123549,111100001239,$1.56,Quick Stop
3/5/18 10:02:58,123549,111100001245,$1.36,Fast Mart
3/5/18 10:02:58,123549,111100001241,$1.25,Quick Stop
3/5/18 10:03:07,123550,111100001238,$1.53,Quick Stop
3/5/18 10:03:07,123550,111100001239,$1.45,Fast Mart
3/5/18 10:16:13,123551,111100001242,$25.65,Fast Mart
3/5/18 10:23:51,123552,111100001242,$19.99,Fast Mart
3/5/18 10:23:51,123552,111100001235,$23.45,Fast Mart
3/5/18 10:23:51,123552,111100001239,$1.45,Fast Mart
3/5/18 10:25:09,123553,111100001246,$2.30,Quick Stop
3/5/18 10:25:09,123553,111100001246,$2.30,Quick Stop
3/5/18 10:25:09,123553,111100001242,$25.65,Fast Mart
3/5/18 10:25:09,123553,111100001234,$1.80,Fast Mart
3/5/18 10:26:00,123554,111100001246,$2.30,Quick Stop
3/5/18 10:33:56,123555,111100001234,$1.80,Fast Mart
3/5/18 10:33:56,123555,111100001242,$19.99,Fast Mart
3/5/18 10:33:56,123555,111100001241,$1.25,Quick Stop
3/5/18 10:45:18,123556,111100001242,$25.65,Fast Mart
3/5/18 10:45:18,123556,111100001236,$6.99,Fast Mart
3/5/18 10:45:18,123556,111100001240,$0.89,Quick Stop
3/5/18 10:47:02,123557,111100001246,$2.30,Quick Stop
3/5/18 10:47:19,123558,111100001241,$1.25,Quick Stop
3/5/18 10:54:23,123559,111100001245,$1.36,Fast Mart
3/5/18 10:54:23,123559,111100001242,$24.99,Quick Stop
3/5/18 10:54:23,123559,111100001238,$1.49,Fast Mart
3/5/18 10:54:23,123559,111100001242,$25.65,Fast Mart
3/5/18 11:02:35,123560,111100001246,$2.30,Quick Stop
3/5/18 11:10:13,123561,111100001245,$1.30,Quick Stop
3/5/18 11:10:13,123561,111100001238,$1.53,Quick Stop
3/5/18 11:10:13,123561,111100001241,$1.25,Quick Stop
3/5/18 11:10:13,123561,111100001236,$6.99,Fast Mart
3/5/18 11:10:13,123561,111100001237,$7.10,Fast Mart
3/5/18 11:19:09,123562,111100001242,$24.99,Quick Stop
3/5/18 11:19:09,123562,111100001244,$1.75,Fast Mart
3/5/18 11:29:31,123563,111100001234,$1.80,Fast Mart
3/5/18 11:29:31,123563,111100001242,$25.65,Fast Mart
3/5/18 11:29:31,123563,111100001234,$1.80,Fast Mart
3/5/18 11:29:31,123563,111100001239,$1.45,Fast Mart
3/5/18 11:35:34,123564,111100001238,$1.53,Quick Stop
3/5/18 11:35:34,123564,111100001234,$1.80,Fast Mart
3/5/18 11:35:34,123564,111100001236,$6.99,Fast Mart
3/5/18 11:39:53,123565,111100001234,$1.80,Fast Mart
3/5/18 11:39:53,123565,111100001245,$1.36,Fast Mart
3/5/18 11:39:53,123565,111100001235,$23.45,Fast Mart
3/5/18 11:39:53,123565,111100001234,$1.80,Fast Mart
3/5/18 11:52:24,123566,111100001235,$23.45,Fast Mart
3/5/18 11:56:52,123567,111100001237,$7.10,Fast Mart
3/5/18 12:03:47,123568,111100001239,$1.45,Fast Mart
3/5/18 12:03:47,123568,111100001237,$7.10,Fast Mart
3/5/18 12:03:47,123568,111100001238,$1.53,Quick Stop
3/5/18 12:11:34,123569,111100001242,$24.99,Quick Stop
3/5/18 12:11:34,123569,111100001240,$0.89,Quick Stop
3/5/18 12:11:34,123569,111100001237,$7.15,Quick Stop
3/5/18 12:11:34,123569,111100001240,$0.99,Fast Mart
3/5/18 12:22:56,123570,111100001242,$25.65,Fast Mart
3/5/18 12:22:56,123570,111100001234,$1.80,Fast Mart
3/5/18 12:25:40,123571,111100001234,$1.80,Fast Mart
3/5/18 12:25:40,123571,111100001235,$23.45,Fast Mart
3/5/18 12:32:52,123572,111100001237,$7.10,Fast Mart
3/5/18 12:38:12,123573,111100001234,$1.80,Fast Mart
3/5/18 12:38:12,123573,111100001239,$1.45,Fast Mart
3/5/18 12:38:12,123573,111100001237,$7.15,Quick Stop
3/5/18 12:39:47,123574,111100001242,$19.99,Fast Mart
3/5/18 12:39:47,123574,111100001234,$1.80,Fast Mart
3/5/18 12:39:47,123574,111100001238,$1.49,Fast Mart
3/5/18 12:46:24,123575,111100001245,$1.30,Quick Stop
3/5/18 12:46:24,123575,111100001246,$2.30,Quick Stop
3/5/18 12:46:24,123575,111100001234,$1.80,Fast Mart
3/5/18 12:46:24,123575,111100001240,$0.99,Fast Mart
3/5/18 12:46:24,123575,111100001234,$1.80,Fast Mart
3/5/18 12:46:24,123575,111100001245,$1.30,Quick Stop
3/5/18 12:46:24,123575,111100001238,$1.49,Fast Mart
3/5/18 12:57:21,123576,111100001246,$2.30,Quick Stop
3/5/18 12:57:21,123576,111100001237,$7.15,Quick Stop
3/5/18 12:57:21,123576,111100001240,$0.89,Quick Stop
3/5/18 13:03:15,123577,111100001242,$24.99,Quick Stop
3/5/18 13:09:27,123578,111100001245,$1.36,Fast Mart
3/5/18 13:09:27,123578,111100001245,$1.36,Fast Mart
3/5/18 13:09:27,123578,111100001242,$24.99,Quick Stop
3/5/18 13:09:27,123578,111100001246,$2.30,Quick Stop
3/5/18 13:19:06,123579,111100001234,$1.80,Fast Mart
3/5/18 13:19:06,123579,111100001237,$7.10,Fast Mart
3/5/18 13:19:06,123579,111100001239,$1.56,Quick Stop
3/5/18 13:19:06,123579,111100001246,$2.30,Quick Stop
3/5/18 13:27:44,123580,111100001240,$0.89,Quick Stop
3/5/18 13:27:44,123580,111100001234,$1.80,Fast Mart
3/5/18 13:39:33,123581,111100001241,$1.25,Quick Stop
3/5/18 13:39:33,123581,111100001238,$1.49,Fast Mart
3/5/18 13:39:33,123581,111100001237,$7.10,Fast Mart
3/5/18 13:39:33,123581,111100001245,$1.36,Fast Mart
3/5/18 13:50:47,123582,111100001237,$7.10,Fast Mart
3/5/18 13:50:47,123582,111100001241,$1.25,Quick Stop
3/5/18 13:51:04,123583,111100001242,$19.99,Fast Mart
3/5/18 13:51:04,123583,111100001237,$7.15,Quick Stop
3/5/18 13:51:04,123583,111100001238,$1.49,Fast Mart
3/5/18 14:00:34,123584,111100001242,$25.65,Fast Mart
3/5/18 14:00:34,123584,111100001240,$0.89,Quick Stop
3/5/18 14:00:34,123584,111100001242,$19.99,Fast Mart
3/5/18 14:00:34,123584,111100001240,$0.99,Fast Mart
3/5/18 14:00:34,123584,111100001236,$6.99,Fast Mart
3/5/18 14:00:34,123584,111100001234,$1.80,Fast Mart
3/5/18 14:09:12,123585,111100001239,$1.56,Quick Stop
3/5/18 14:20:00,123586,111100001242,$25.65,Fast Mart
3/5/18 14:20:00,123586,111100001246,$2.30,Quick Stop
3/5/18 14:20:00,123586,111100001234,$1.80,Fast Mart
3/5/18 14:29:39,123587,111100001238,$1.53,Quick Stop
3/5/18 14:29:39,123587,111100001242,$24.99,Quick Stop
3/5/18 14:29:39,123587,111100001245,$1.30,Quick Stop
3/5/18 14:38:09,123588,111100001241,$1.25,Quick Stop
3/5/18 14:40:45,123589,111100001237,$7.10,Fast Mart
3/5/18 14:40:45,123589,111100001238,$1.53,Quick Stop
3/5/18 14:40:45,123589,111100001239,$1.56,Quick Stop
3/5/18 14:53:16,123590,111100001240,$0.99,Fast Mart
3/5/18 14:53:16,123590,111100001239,$1.56,Quick Stop
3/5/18 15:03:30,123591,111100001236,$6.99,Fast Mart
3/5/18 15:04:30,123592,111100001240,$0.89,Quick Stop
3/5/18 15:14:09,123593,111100001245,$1.36,Fast Mart
3/5/18 15:24:31,123594,111100001245,$1.30,Quick Stop
3/5/18 15:24:31,123594,111100001242,$25.65,Fast Mart
3/5/18 15:36:28,123595,111100001246,$2.30,Quick Stop
3/5/18 15:49:09,123596,111100001237,$7.10,Fast Mart
3/5/18 15:59:05,123597,111100001236,$6.99,Fast Mart
3/5/18 15:59:05,123597,111100001235,$23.45,Fast Mart
3/5/18 15:59:05,123597,111100001239,$1.56,Quick Stop
3/5/18 15:59:05,123597,111100001237,$7.10,Fast Mart
3/5/18 15:59:05,123597,111100001240,$0.89,Quick Stop
3/5/18 15:59:05,123597,111100001245,$1.30,Quick Stop
3/5/18 16:04:33,123598,111100001235,$23.45,Fast Mart
3/5/18 16:04:33,123598,111100001239,$1.45,Fast Mart
3/5/18 16:04:33,123598,111100001241,$1.25,Quick Stop
3/5/18 16:04:33,123598,111100001242,$19.99,Fast Mart
3/5/18 16:11:11,123599,111100001244,$1.75,Fast Mart
3/5/18 16:11:11,123599,111100001244,$1.75,Fast Mart
3/5/18 16:11:11,123599,111100001237,$7.15,Quick Stop
3/5/18 16:11:11,123599,111100001238,$1.49,Fast Mart
3/5/18 16:11:11,123599,111100001244,$1.75,Fast Mart
3/5/18 16:11:11,123599,111100001235,$23.45,Fast Mart
3/5/18 16:11:11,123599,111100001245,$1.30,Quick Stop
3/5/18 16:11:11,123599,111100001245,$1.30,Quick Stop
3/5/18 16:11:11,123599,111100001239,$1.56,Quick Stop
3/5/18 16:11:11,123599,111100001242,$19.99,Fast Mart
3/5/18 16:11:11,123599,111100001237,$7.10,Fast Mart
3/5/18 16:21:24,123600,111100001237,$7.10,Fast Mart
3/5/18 16:21:24,123600,111100001242,$19.99,Fast Mart
3/5/18 16:21:24,123600,111100001240,$0.89,Quick Stop
3/5/18 16:23:34,123601,111100001239,$1.45,Fast Mart
3/5/18 16:23:34,123601,111100001246,$2.30,Quick Stop
3/5/18 16:23:34,123601,111100001234,$1.80,Fast Mart
3/5/18 16:23:34,123601,111100001244,$1.75,Fast Mart
3/5/18 16:28:10,123602,111100001240,$0.89,Quick Stop
3/5/18 16:28:10,123602,111100001244,$1.75,Fast Mart
3/5/18 16:28:10,123602,111100001245,$1.30,Quick Stop
3/5/18 16:28:10,123602,111100001242,$19.99,Fast Mart
3/5/18 16:28:10,123602,111100001241,$1.25,Quick Stop
3/5/18 16:40:16,123603,111100001242,$24.99,Quick Stop
3/5/18 16:40:16,123603,111100001244,$1.75,Fast Mart
3/5/18 16:40:16,123603,111100001240,$0.89,Quick Stop
3/5/18 16:40:16,123603,111100001242,$24.99,Quick Stop
3/5/18 16:43:09,123604,111100001234,$1.80,Fast Mart
3/5/18 16:55:40,123605,111100001242,$24.99,Quick Stop
3/5/18 17:08:38,123606,111100001242,$19.99,Fast Mart
3/5/18 17:14:15,123607,111100001238,$1.49,Fast Mart
3/5/18 17:14:15,123607,111100001238,$1.49,Fast Mart
3/5/18 17:28:04,123608,111100001237,$7.10,Fast Mart
3/5/18 17:30:48,123609,111100001246,$2.30,Quick Stop
3/5/18 17:44:21,123610,111100001245,$1.36,Fast Mart
3/5/18 17:44:21,123610,111100001234,$1.80,Fast Mart
3/5/18 17:50:58,123611,111100001245,$1.30,Quick Stop
3/5/18 17:55:17,123612,111100001241,$1.25,Quick Stop
3/5/18 17:55:17,123612,111100001245,$1.36,Fast Mart
3/5/18 18:05:13,123613,111100001245,$1.36,Fast Mart
3/5/18 18:18:54,123614,111100001242,$19.99,Fast Mart
3/5/18 18:18:54,123614,111100001239,$1.45,Fast Mart
3/5/18 18:18:54,123614,111100001240,$0.89,Quick Stop
3/5/18 18:30:34,123615,111100001245,$1.36,Fast Mart
3/5/18 18:30:34,123615,111100001235,$23.45,Fast Mart
3/5/18 18:30:34,123615,111100001235,$23.45,Fast Mart
3/5/18 18:38:03,123616,111100001239,$1.56,Quick Stop
3/5/18 18:38:03,123616,111100001234,$1.80,Fast Mart
3/5/18 18:38:03,123616,111100001236,$6.99,Fast Mart
3/5/18 18:38:55,123617,111100001237,$7.10,Fast Mart
3/5/18 18:42:05,123618,111100001237,$7.15,Quick Stop
3/5/18 18:42:05,123618,111100001241,$1.25,Quick Stop
3/5/18 18:42:05,123618,111100001244,$1.75,Fast Mart
3/5/18 18:42:05,123618,111100001238,$1.53,Quick Stop
3/5/18 18:47:25,123619,111100001234,$1.80,Fast Mart
3/5/18 18:47:25,123619,111100001239,$1.45,Fast Mart
3/5/18 19:00:14,123620,111100001242,$19.99,Fast Mart
3/5/18 19:10:01,123621,111100001245,$1.36,Fast Mart
3/5/18 19:10:01,123621,111100001244,$1.75,Fast Mart
3/5/18 19:10:01,123621,111100001238,$1.53,Quick Stop
3/5/18 19:17:13,123622,111100001237,$7.10,Fast Mart
3/5/18 19:17:13,123622,111100001238,$1.53,Quick Stop
3/5/18 19:25:17,123623,111100001235,$23.45,Fast Mart
3/5/18 19:25:17,123623,111100001238,$1.53,Quick Stop
3/5/18 19:36:05,123624,111100001240,$0.99,Fast Mart
3/5/18 19:43:35,123625,111100001240,$0.89,Quick Stop
3/5/18 19:43:35,123625,111100001242,$19.99,Fast Mart
3/5/18 19:43:35,123625,111100001242,$19.99,Fast Mart
3/5/18 19:43:35,123625,111100001235,$23.45,Fast Mart
3/5/18 19:45:35,123626,111100001244,$1.75,Fast Mart
3/5/18 19:45:35,123626,111100001244,$1.75,Fast Mart
3/5/18 19:52:56,123627,111100001246,$2.30,Quick Stop
3/5/18 19:52:56,123627,111100001240,$0.99,Fast Mart
3/5/18 19:53:22,123628,111100001240,$0.89,Quick Stop
3/5/18 19:57:50,123629,111100001235,$23.45,Fast Mart
3/5/18 19:57:50,123629,111100001240,$0.89,Quick Stop
3/5/18 19:57:50,123629,111100001244,$1.75,Fast Mart
3/5/18 20:06:20,123630,111100001246,$2.30,Quick Stop
3/5/18 20:06:20,123630,111100001246,$2.30,Quick Stop
3/5/18 20:06:20,123630,111100001237,$7.10,Fast Mart
3/5/18 20:06:20,123630,111100001236,$6.99,Fast Mart
3/5/18 20:06:20,123630,111100001238,$1.53,Quick Stop
3/5/18 20:06:20,123630,111100001239,$1.45,Fast Mart
3/5/18 20:06:20,123630,111100001242,$24.99,Quick Stop
3/5/18 20:06:20,123630,111100001238,$1.53,Quick Stop
3/5/18 20:20:09,123631,111100001244,$1.75,Fast Mart
3/5/18 20:28:22,123632,111100001242,$24.99,Quick Stop